"b'LocalTime=10:52:00.997,Message=Imbalance,MarketTime=10:52:01.347,Side=S,Type=R,Status=E,Symbol=CO.NY,Price=0,Volume=32303,Source=NYSE,AuctionPrice=2.9876,ContinuousPrice=2.6600,PairedVolume=30022,MktOrdVolume=0,MktOrdSide=0,NearIndicativeClosingPx=0,FarIndicativeClosingPx=0,PxVariation=0\n'"
"b'LocalTime=10:52:22.082,Message=Imbalance,MarketTime=10:52:22.310,Side=S,Type=H,Status= ,Symbol=AMV.NQ,Price=37.680,Volume=129,Source=NSDQ,AuctionPrice=37.680,ContinuousPrice=37.680,PairedVolume=2364,MktOrdVolume=0,MktOrdSide=0,NearIndicativeClosingPx=0,FarIndicativeClosingPx=0,PxVariation=0\n'"
"b'LocalTime=10:52:24.079,Message=Imbalance,MarketTime=10:52:24.310,Side=S,Type=H,Status= ,Symbol=AMV.NQ,Price=37.680,Volume=95,Source=NSDQ,AuctionPrice=37.680,ContinuousPrice=37.680,PairedVolume=2398,MktOrdVolume=0,MktOrdSide=0,NearIndicativeClosingPx=0,FarIndicativeClosingPx=0,PxVariation=0\n'"
"b'LocalTime=10:52:26.077,Message=Imbalance,MarketTime=10:52:26.310,Side=S,Type=H,Status= ,Symbol=AMV.NQ,Price=37.680,Volume=92,Source=NSDQ,AuctionPrice=37.680,ContinuousPrice=37.680,PairedVolume=2401,MktOrdVolume=0,MktOrdSide=0,NearIndicativeClosingPx=0,FarIndicativeClosingPx=0,PxVariation=0\n'"
"b'LocalTime=10:52:28.079,Message=Imbalance,MarketTime=10:52:28.310,Side=S,Type=H,Status= ,Symbol=AMV.NQ,Price=37.680,Volume=94,Source=NSDQ,AuctionPrice=37.680,ContinuousPrice=37.680,PairedVolume=2399,MktOrdVolume=0,MktOrdSide=0,NearIndicativeClosingPx=0,FarIndicativeClosingPx=0,PxVariation=0\n'"
"b'LocalTime=10:52:30.103,Message=Imbalance,MarketTime=10:52:30.310,Side=S,Type=H,Status= ,Symbol=AMV.NQ,Price=37.680,Volume=61,Source=NSDQ,AuctionPrice=37.680,ContinuousPrice=37.680,PairedVolume=2432,MktOrdVolume=0,MktOrdSide=0,NearIndicativeClosingPx=0,FarIndicativeClosingPx=0,PxVariation=0\n'"
"b'LocalTime=10:52:32.077,Message=Imbalance,MarketTime=10:52:32.310,Side=S,Type=H,Status= ,Symbol=AMV.NQ,Price=37.680,Volume=69,Source=NSDQ,AuctionPrice=37.680,ContinuousPrice=37.680,PairedVolume=2472,MktOrdVolume=0,MktOrdSide=0,NearIndicativeClosingPx=0,FarIndicativeClosingPx=0,PxVariation=0\n'"
"b'LocalTime=10:52:34.080,Message=Imbalance,MarketTime=10:52:34.310,Side=S,Type=H,Status= ,Symbol=AMV.NQ,Price=37.680,Volume=69,Source=NSDQ,AuctionPrice=37.680,ContinuousPrice=37.680,PairedVolume=2472,MktOrdVolume=0,MktOrdSide=0,NearIndicativeClosingPx=0,FarIndicativeClosingPx=0,PxVariation=0\n'"
"b'LocalTime=10:52:36.082,Message=Imbalance,MarketTime=10:52:36.310,Side=S,Type=H,Status= ,Symbol=AMV.NQ,Price=37.680,Volume=68,Source=NSDQ,AuctionPrice=37.680,ContinuousPrice=37.680,PairedVolume=2473,MktOrdVolume=0,MktOrdSide=0,NearIndicativeClosingPx=0,FarIndicativeClosingPx=0,PxVariation=0\n'"
"b'LocalTime=10:52:38.086,Message=Imbalance,MarketTime=10:52:38.310,Side=S,Type=H,Status= ,Symbol=AMV.NQ,Price=37.680,Volume=68,Source=NSDQ,AuctionPrice=37.680,ContinuousPrice=37.680,PairedVolume=2473,MktOrdVolume=0,MktOrdSide=0,NearIndicativeClosingPx=0,FarIndicativeClosingPx=0,PxVariation=0\n'"
"b'LocalTime=10:52:40.074,Message=Imbalance,MarketTime=10:52:40.310,Side=S,Type=H,Status= ,Symbol=AMV.NQ,Price=37.680,Volume=68,Source=NSDQ,AuctionPrice=37.680,ContinuousPrice=37.680,PairedVolume=2473,MktOrdVolume=0,MktOrdSide=0,NearIndicativeClosingPx=0,FarIndicativeClosingPx=0,PxVariation=0\n'"
"b'LocalTime=10:52:42.075,Message=Imbalance,MarketTime=10:52:42.310,Side=S,Type=H,Status= ,Symbol=AMV.NQ,Price=37.680,Volume=67,Source=NSDQ,AuctionPrice=37.680,ContinuousPrice=37.680,PairedVolume=2474,MktOrdVolume=0,MktOrdSide=0,NearIndicativeClosingPx=0,FarIndicativeClosingPx=0,PxVariation=0\n'"
"b'LocalTime=10:52:44.076,Message=Imbalance,MarketTime=10:52:44.310,Side=S,Type=H,Status= ,Symbol=AMV.NQ,Price=37.680,Volume=67,Source=NSDQ,AuctionPrice=37.680,ContinuousPrice=37.680,PairedVolume=2474,MktOrdVolume=0,MktOrdSide=0,NearIndicativeClosingPx=0,FarIndicativeClosingPx=0,PxVariation=0\n'"
"b'LocalTime=10:52:46.076,Message=Imbalance,MarketTime=10:52:46.310,Side=S,Type=H,Status= ,Symbol=AMV.NQ,Price=37.680,Volume=48,Source=NSDQ,AuctionPrice=37.680,ContinuousPrice=37.680,PairedVolume=2493,MktOrdVolume=0,MktOrdSide=0,NearIndicativeClosingPx=0,FarIndicativeClosingPx=0,PxVariation=0\n'"
"b'LocalTime=10:52:48.092,Message=Imbalance,MarketTime=10:52:48.310,Side=B,Type=H,Status= ,Symbol=AMV.NQ,Price=37.680,Volume=2,Source=NSDQ,AuctionPrice=37.680,ContinuousPrice=37.680,PairedVolume=2541,MktOrdVolume=0,MktOrdSide=0,NearIndicativeClosingPx=0,FarIndicativeClosingPx=0,PxVariation=0\n'"
"b'LocalTime=10:52:50.081,Message=Imbalance,MarketTime=10:52:50.310,Side=B,Type=H,Status= ,Symbol=AMV.NQ,Price=38.000,Volume=5,Source=NSDQ,AuctionPrice=38.000,ContinuousPrice=38.000,PairedVolume=2541,MktOrdVolume=0,MktOrdSide=0,NearIndicativeClosingPx=0,FarIndicativeClosingPx=0,PxVariation=0\n'"
"b'LocalTime=10:52:52.078,Message=Imbalance,MarketTime=10:52:52.310,Side=B,Type=H,Status= ,Symbol=AMV.NQ,Price=38.000,Volume=5,Source=NSDQ,AuctionPrice=38.000,ContinuousPrice=38.000,PairedVolume=2541,MktOrdVolume=0,MktOrdSide=0,NearIndicativeClosingPx=0,FarIndicativeClosingPx=0,PxVariation=0\n'"
"b'LocalTime=10:52:54.074,Message=Imbalance,MarketTime=10:52:54.310,Side=B,Type=H,Status= ,Symbol=AMV.NQ,Price=38.000,Volume=60,Source=NSDQ,AuctionPrice=38.000,ContinuousPrice=38.000,PairedVolume=2541,MktOrdVolume=0,MktOrdSide=0,NearIndicativeClosingPx=0,FarIndicativeClosingPx=0,PxVariation=0\n'"
"b'LocalTime=10:52:56.075,Message=Imbalance,MarketTime=10:52:56.310,Side=B,Type=H,Status= ,Symbol=AMV.NQ,Price=38.180,Volume=17,Source=NSDQ,AuctionPrice=38.180,ContinuousPrice=38.180,PairedVolume=2541,MktOrdVolume=0,MktOrdSide=0,NearIndicativeClosingPx=0,FarIndicativeClosingPx=0,PxVariation=0\n'"
"b'LocalTime=10:52:58.089,Message=Imbalance,MarketTime=10:52:58.310,Side=B,Type=H,Status= ,Symbol=AMV.NQ,Price=38.180,Volume=20,Source=NSDQ,AuctionPrice=38.180,ContinuousPrice=38.180,PairedVolume=2541,MktOrdVolume=0,MktOrdSide=0,NearIndicativeClosingPx=0,FarIndicativeClosingPx=0,PxVariation=0\n'"
"b'LocalTime=10:53:00.078,Message=Imbalance,MarketTime=10:53:00.310,Side=B,Type=H,Status= ,Symbol=AMV.NQ,Price=38.180,Volume=43,Source=NSDQ,AuctionPrice=38.180,ContinuousPrice=38.180,PairedVolume=2541,MktOrdVolume=0,MktOrdSide=0,NearIndicativeClosingPx=0,FarIndicativeClosingPx=0,PxVariation=0\n'"
"b'LocalTime=10:53:02.083,Message=Imbalance,MarketTime=10:53:02.310,Side=B,Type=H,Status= ,Symbol=AMV.NQ,Price=38.180,Volume=53,Source=NSDQ,AuctionPrice=38.180,ContinuousPrice=38.180,PairedVolume=2541,MktOrdVolume=0,MktOrdSide=0,NearIndicativeClosingPx=0,FarIndicativeClosingPx=0,PxVariation=0\n'"
"b'LocalTime=10:53:04.075,Message=Imbalance,MarketTime=10:53:04.310,Side=B,Type=H,Status= ,Symbol=AMV.NQ,Price=38.180,Volume=54,Source=NSDQ,AuctionPrice=38.180,ContinuousPrice=38.180,PairedVolume=2541,MktOrdVolume=0,MktOrdSide=0,NearIndicativeClosingPx=0,FarIndicativeClosingPx=0,PxVariation=0\n'"
"b'LocalTime=10:53:06.083,Message=Imbalance,MarketTime=10:53:06.310,Side=B,Type=H,Status= ,Symbol=AMV.NQ,Price=38.180,Volume=65,Source=NSDQ,AuctionPrice=38.180,ContinuousPrice=38.180,PairedVolume=2541,MktOrdVolume=0,MktOrdSide=0,NearIndicativeClosingPx=0,FarIndicativeClosingPx=0,PxVariation=0\n'"
"b'LocalTime=10:53:08.089,Message=Imbalance,MarketTime=10:53:08.310,Side=B,Type=H,Status= ,Symbol=AMV.NQ,Price=38.180,Volume=66,Source=NSDQ,AuctionPrice=38.180,ContinuousPrice=38.180,PairedVolume=2541,MktOrdVolume=0,MktOrdSide=0,NearIndicativeClosingPx=0,FarIndicativeClosingPx=0,PxVariation=0\n'"
"b'LocalTime=10:53:10.096,Message=Imbalance,MarketTime=10:53:10.310,Side=B,Type=H,Status= ,Symbol=AMV.NQ,Price=38.180,Volume=66,Source=NSDQ,AuctionPrice=38.180,ContinuousPrice=38.180,PairedVolume=2541,MktOrdVolume=0,MktOrdSide=0,NearIndicativeClosingPx=0,FarIndicativeClosingPx=0,PxVariation=0\n'"
"b'LocalTime=10:53:12.075,Message=Imbalance,MarketTime=10:53:12.310,Side=B,Type=H,Status= ,Symbol=AMV.NQ,Price=38.350,Volume=16,Source=NSDQ,AuctionPrice=38.350,ContinuousPrice=38.350,PairedVolume=2541,MktOrdVolume=0,MktOrdSide=0,NearIndicativeClosingPx=0,FarIndicativeClosingPx=0,PxVariation=0\n'"
"b'LocalTime=10:53:14.090,Message=Imbalance,MarketTime=10:53:14.310,Side=B,Type=H,Status= ,Symbol=AMV.NQ,Price=38.180,Volume=56,Source=NSDQ,AuctionPrice=38.180,ContinuousPrice=38.180,PairedVolume=2541,MktOrdVolume=0,MktOrdSide=0,NearIndicativeClosingPx=0,FarIndicativeClosingPx=0,PxVariation=0\n'"
"b'LocalTime=10:53:16.075,Message=Imbalance,MarketTime=10:53:16.310,Side=B,Type=H,Status= ,Symbol=AMV.NQ,Price=38.180,Volume=55,Source=NSDQ,AuctionPrice=38.180,ContinuousPrice=38.180,PairedVolume=2542,MktOrdVolume=0,MktOrdSide=0,NearIndicativeClosingPx=0,FarIndicativeClosingPx=0,PxVariation=0\n'"
"b'LocalTime=10:53:18.076,Message=Imbalance,MarketTime=10:53:18.310,Side=B,Type=H,Status= ,Symbol=AMV.NQ,Price=38.350,Volume=3,Source=NSDQ,AuctionPrice=38.350,ContinuousPrice=38.350,PairedVolume=2542,MktOrdVolume=0,MktOrdSide=0,NearIndicativeClosingPx=0,FarIndicativeClosingPx=0,PxVariation=0\n'"
"b'LocalTime=10:53:20.080,Message=Imbalance,MarketTime=10:53:20.310,Side=B,Type=H,Status= ,Symbol=AMV.NQ,Price=38.350,Volume=2,Source=NSDQ,AuctionPrice=38.350,ContinuousPrice=38.350,PairedVolume=2542,MktOrdVolume=0,MktOrdSide=0,NearIndicativeClosingPx=0,FarIndicativeClosingPx=0,PxVariation=0\n'"
"b'LocalTime=10:53:22.081,Message=Imbalance,MarketTime=10:53:22.310,Side=B,Type=H,Status= ,Symbol=AMV.NQ,Price=38.350,Volume=16,Source=NSDQ,AuctionPrice=38.350,ContinuousPrice=38.350,PairedVolume=2542,MktOrdVolume=0,MktOrdSide=0,NearIndicativeClosingPx=0,FarIndicativeClosingPx=0,PxVariation=0\n'"
"b'LocalTime=10:53:24.108,Message=Imbalance,MarketTime=10:53:24.310,Side=B,Type=H,Status= ,Symbol=AMV.NQ,Price=38.350,Volume=16,Source=NSDQ,AuctionPrice=38.350,ContinuousPrice=38.350,PairedVolume=2542,MktOrdVolume=0,MktOrdSide=0,NearIndicativeClosingPx=0,FarIndicativeClosingPx=0,PxVariation=0\n'"
"b'LocalTime=10:53:26.086,Message=Imbalance,MarketTime=10:53:26.310,Side=B,Type=H,Status= ,Symbol=AMV.NQ,Price=38.350,Volume=16,Source=NSDQ,AuctionPrice=38.350,ContinuousPrice=38.350,PairedVolume=2542,MktOrdVolume=0,MktOrdSide=0,NearIndicativeClosingPx=0,FarIndicativeClosingPx=0,PxVariation=0\n'"
"b'LocalTime=10:53:28.075,Message=Imbalance,MarketTime=10:53:28.310,Side=B,Type=H,Status= ,Symbol=AMV.NQ,Price=38.350,Volume=13,Source=NSDQ,AuctionPrice=38.350,ContinuousPrice=38.350,PairedVolume=2542,MktOrdVolume=0,MktOrdSide=0,NearIndicativeClosingPx=0,FarIndicativeClosingPx=0,PxVariation=0\n'"
"b'LocalTime=10:53:30.087,Message=Imbalance,MarketTime=10:53:30.310,Side=B,Type=H,Status= ,Symbol=AMV.NQ,Price=38.350,Volume=17,Source=NSDQ,AuctionPrice=38.350,ContinuousPrice=38.350,PairedVolume=2542,MktOrdVolume=0,MktOrdSide=0,NearIndicativeClosingPx=0,FarIndicativeClosingPx=0,PxVariation=0\n'"
"b'LocalTime=10:53:32.077,Message=Imbalance,MarketTime=10:53:32.310,Side=B,Type=H,Status= ,Symbol=AMV.NQ,Price=38.350,Volume=47,Source=NSDQ,AuctionPrice=38.350,ContinuousPrice=38.350,PairedVolume=2542,MktOrdVolume=0,MktOrdSide=0,NearIndicativeClosingPx=0,FarIndicativeClosingPx=0,PxVariation=0\n'"
"b'LocalTime=10:53:34.087,Message=Imbalance,MarketTime=10:53:34.310,Side=B,Type=H,Status= ,Symbol=AMV.NQ,Price=38.360,Volume=6,Source=NSDQ,AuctionPrice=38.360,ContinuousPrice=38.360,PairedVolume=2542,MktOrdVolume=0,MktOrdSide=0,NearIndicativeClosingPx=0,FarIndicativeClosingPx=0,PxVariation=0\n'"
"b'LocalTime=10:53:36.089,Message=Imbalance,MarketTime=10:53:36.310,Side=B,Type=H,Status= ,Symbol=AMV.NQ,Price=38.360,Volume=16,Source=NSDQ,AuctionPrice=38.360,ContinuousPrice=38.360,PairedVolume=2542,MktOrdVolume=0,MktOrdSide=0,NearIndicativeClosingPx=0,FarIndicativeClosingPx=0,PxVariation=0\n'"
"b'LocalTime=10:53:38.084,Message=Imbalance,MarketTime=10:53:38.310,Side=B,Type=H,Status= ,Symbol=AMV.NQ,Price=38.360,Volume=21,Source=NSDQ,AuctionPrice=38.360,ContinuousPrice=38.360,PairedVolume=2542,MktOrdVolume=0,MktOrdSide=0,NearIndicativeClosingPx=0,FarIndicativeClosingPx=0,PxVariation=0\n'"
"b'LocalTime=10:53:40.078,Message=Imbalance,MarketTime=10:53:40.310,Side=B,Type=H,Status= ,Symbol=AMV.NQ,Price=38.360,Volume=19,Source=NSDQ,AuctionPrice=38.360,ContinuousPrice=38.360,PairedVolume=2542,MktOrdVolume=0,MktOrdSide=0,NearIndicativeClosingPx=0,FarIndicativeClosingPx=0,PxVariation=0\n'"
"b'LocalTime=10:53:42.092,Message=Imbalance,MarketTime=10:53:42.310,Side=B,Type=H,Status= ,Symbol=AMV.NQ,Price=38.360,Volume=18,Source=NSDQ,AuctionPrice=38.360,ContinuousPrice=38.360,PairedVolume=2542,MktOrdVolume=0,MktOrdSide=0,NearIndicativeClosingPx=0,FarIndicativeClosingPx=0,PxVariation=0\n'"
"b'LocalTime=10:53:44.094,Message=Imbalance,MarketTime=10:53:44.310,Side=B,Type=H,Status= ,Symbol=AMV.NQ,Price=39.000,Volume=46,Source=NSDQ,AuctionPrice=39.000,ContinuousPrice=39.000,PairedVolume=2542,MktOrdVolume=0,MktOrdSide=0,NearIndicativeClosingPx=0,FarIndicativeClosingPx=0,PxVariation=0\n'"
"b'LocalTime=10:53:46.093,Message=Imbalance,MarketTime=10:53:46.310,Side=B,Type=H,Status= ,Symbol=AMV.NQ,Price=39.000,Volume=48,Source=NSDQ,AuctionPrice=39.000,ContinuousPrice=39.000,PairedVolume=2542,MktOrdVolume=0,MktOrdSide=0,NearIndicativeClosingPx=0,FarIndicativeClosingPx=0,PxVariation=0\n'"
"b'LocalTime=10:53:48.100,Message=Imbalance,MarketTime=10:53:48.310,Side=B,Type=H,Status= ,Symbol=AMV.NQ,Price=39.000,Volume=96,Source=NSDQ,AuctionPrice=39.000,ContinuousPrice=39.000,PairedVolume=2542,MktOrdVolume=0,MktOrdSide=0,NearIndicativeClosingPx=0,FarIndicativeClosingPx=0,PxVariation=0\n'"
"b'LocalTime=10:53:50.077,Message=Imbalance,MarketTime=10:53:50.310,Side=B,Type=H,Status= ,Symbol=AMV.NQ,Price=39.000,Volume=96,Source=NSDQ,AuctionPrice=39.000,ContinuousPrice=39.000,PairedVolume=2542,MktOrdVolume=0,MktOrdSide=0,NearIndicativeClosingPx=0,FarIndicativeClosingPx=0,PxVariation=0\n'"
"b'LocalTime=10:53:52.089,Message=Imbalance,MarketTime=10:53:52.310,Side=B,Type=H,Status= ,Symbol=AMV.NQ,Price=38.350,Volume=14,Source=NSDQ,AuctionPrice=38.350,ContinuousPrice=38.350,PairedVolume=2542,MktOrdVolume=0,MktOrdSide=0,NearIndicativeClosingPx=0,FarIndicativeClosingPx=0,PxVariation=0\n'"
"b'LocalTime=10:53:54.094,Message=Imbalance,MarketTime=10:53:54.310,Side=B,Type=H,Status= ,Symbol=AMV.NQ,Price=38.340,Volume=51,Source=NSDQ,AuctionPrice=38.340,ContinuousPrice=38.340,PairedVolume=2542,MktOrdVolume=0,MktOrdSide=0,NearIndicativeClosingPx=0,FarIndicativeClosingPx=0,PxVariation=0\n'"
"b'LocalTime=10:53:56.078,Message=Imbalance,MarketTime=10:53:56.310,Side=B,Type=H,Status= ,Symbol=AMV.NQ,Price=38.340,Volume=71,Source=NSDQ,AuctionPrice=38.340,ContinuousPrice=38.340,PairedVolume=2542,MktOrdVolume=0,MktOrdSide=0,NearIndicativeClosingPx=0,FarIndicativeClosingPx=0,PxVariation=0\n'"
"b'LocalTime=10:53:58.080,Message=Imbalance,MarketTime=10:53:58.310,Side=B,Type=H,Status= ,Symbol=AMV.NQ,Price=38.340,Volume=73,Source=NSDQ,AuctionPrice=38.340,ContinuousPrice=38.340,PairedVolume=2542,MktOrdVolume=0,MktOrdSide=0,NearIndicativeClosingPx=0,FarIndicativeClosingPx=0,PxVariation=0\n'"
"b'LocalTime=10:54:00.078,Message=Imbalance,MarketTime=10:54:00.310,Side=B,Type=H,Status= ,Symbol=AMV.NQ,Price=38.340,Volume=78,Source=NSDQ,AuctionPrice=38.340,ContinuousPrice=38.340,PairedVolume=2542,MktOrdVolume=0,MktOrdSide=0,NearIndicativeClosingPx=0,FarIndicativeClosingPx=0,PxVariation=0\n'"
"b'LocalTime=10:54:02.079,Message=Imbalance,MarketTime=10:54:02.310,Side=B,Type=H,Status= ,Symbol=AMV.NQ,Price=38.180,Volume=79,Source=NSDQ,AuctionPrice=38.180,ContinuousPrice=38.180,PairedVolume=2542,MktOrdVolume=0,MktOrdSide=0,NearIndicativeClosingPx=0,FarIndicativeClosingPx=0,PxVariation=0\n'"
"b'LocalTime=10:54:04.081,Message=Imbalance,MarketTime=10:54:04.310,Side=B,Type=H,Status= ,Symbol=AMV.NQ,Price=38.180,Volume=79,Source=NSDQ,AuctionPrice=38.180,ContinuousPrice=38.180,PairedVolume=2542,MktOrdVolume=0,MktOrdSide=0,NearIndicativeClosingPx=0,FarIndicativeClosingPx=0,PxVariation=0\n'"
"b'LocalTime=10:54:06.076,Message=Imbalance,MarketTime=10:54:06.310,Side=B,Type=H,Status= ,Symbol=AMV.NQ,Price=38.180,Volume=89,Source=NSDQ,AuctionPrice=38.180,ContinuousPrice=38.180,PairedVolume=2542,MktOrdVolume=0,MktOrdSide=0,NearIndicativeClosingPx=0,FarIndicativeClosingPx=0,PxVariation=0\n'"
"b'LocalTime=10:54:08.079,Message=Imbalance,MarketTime=10:54:08.310,Side=B,Type=H,Status= ,Symbol=AMV.NQ,Price=38.180,Volume=72,Source=NSDQ,AuctionPrice=38.180,ContinuousPrice=38.180,PairedVolume=2542,MktOrdVolume=0,MktOrdSide=0,NearIndicativeClosingPx=0,FarIndicativeClosingPx=0,PxVariation=0\n'"
"b'LocalTime=10:54:10.079,Message=Imbalance,MarketTime=10:54:10.310,Side=B,Type=H,Status= ,Symbol=AMV.NQ,Price=38.180,Volume=72,Source=NSDQ,AuctionPrice=38.180,ContinuousPrice=38.180,PairedVolume=2542,MktOrdVolume=0,MktOrdSide=0,NearIndicativeClosingPx=0,FarIndicativeClosingPx=0,PxVariation=0\n'"
"b'LocalTime=10:54:12.078,Message=Imbalance,MarketTime=10:54:12.310,Side=B,Type=H,Status= ,Symbol=AMV.NQ,Price=38.180,Volume=73,Source=NSDQ,AuctionPrice=38.180,ContinuousPrice=38.180,PairedVolume=2542,MktOrdVolume=0,MktOrdSide=0,NearIndicativeClosingPx=0,FarIndicativeClosingPx=0,PxVariation=0\n'"
"b'LocalTime=10:54:14.079,Message=Imbalance,MarketTime=10:54:14.310,Side=B,Type=H,Status= ,Symbol=AMV.NQ,Price=38.180,Volume=72,Source=NSDQ,AuctionPrice=38.180,ContinuousPrice=38.180,PairedVolume=2542,MktOrdVolume=0,MktOrdSide=0,NearIndicativeClosingPx=0,FarIndicativeClosingPx=0,PxVariation=0\n'"
"b'LocalTime=10:54:16.088,Message=Imbalance,MarketTime=10:54:16.310,Side=B,Type=H,Status= ,Symbol=AMV.NQ,Price=38.350,Volume=22,Source=NSDQ,AuctionPrice=38.350,ContinuousPrice=38.350,PairedVolume=2542,MktOrdVolume=0,MktOrdSide=0,NearIndicativeClosingPx=0,FarIndicativeClosingPx=0,PxVariation=0\n'"
"b'LocalTime=10:54:18.085,Message=Imbalance,MarketTime=10:54:18.310,Side=B,Type=H,Status= ,Symbol=AMV.NQ,Price=38.000,Volume=81,Source=NSDQ,AuctionPrice=38.000,ContinuousPrice=38.000,PairedVolume=2744,MktOrdVolume=0,MktOrdSide=0,NearIndicativeClosingPx=0,FarIndicativeClosingPx=0,PxVariation=0\n'"
"b'LocalTime=10:54:20.094,Message=Imbalance,MarketTime=10:54:20.310,Side=B,Type=H,Status= ,Symbol=AMV.NQ,Price=38.000,Volume=81,Source=NSDQ,AuctionPrice=38.000,ContinuousPrice=38.000,PairedVolume=2744,MktOrdVolume=0,MktOrdSide=0,NearIndicativeClosingPx=0,FarIndicativeClosingPx=0,PxVariation=0\n'"
"b'LocalTime=10:54:22.083,Message=Imbalance,MarketTime=10:54:22.310,Side=B,Type=H,Status= ,Symbol=AMV.NQ,Price=38.000,Volume=95,Source=NSDQ,AuctionPrice=38.000,ContinuousPrice=38.000,PairedVolume=2744,MktOrdVolume=0,MktOrdSide=0,NearIndicativeClosingPx=0,FarIndicativeClosingPx=0,PxVariation=0\n'"
"b'LocalTime=10:54:24.077,Message=Imbalance,MarketTime=10:54:24.310,Side=B,Type=H,Status= ,Symbol=AMV.NQ,Price=38.000,Volume=94,Source=NSDQ,AuctionPrice=38.000,ContinuousPrice=38.000,PairedVolume=2745,MktOrdVolume=0,MktOrdSide=0,NearIndicativeClosingPx=0,FarIndicativeClosingPx=0,PxVariation=0\n'"
"b'LocalTime=10:54:26.077,Message=Imbalance,MarketTime=10:54:26.309,Side=B,Type=H,Status= ,Symbol=AMV.NQ,Price=38.000,Volume=102,Source=NSDQ,AuctionPrice=38.000,ContinuousPrice=38.000,PairedVolume=2745,MktOrdVolume=0,MktOrdSide=0,NearIndicativeClosingPx=0,FarIndicativeClosingPx=0,PxVariation=0\n'"
"b'LocalTime=10:54:28.076,Message=Imbalance,MarketTime=10:54:28.310,Side=B,Type=H,Status= ,Symbol=AMV.NQ,Price=38.000,Volume=152,Source=NSDQ,AuctionPrice=38.000,ContinuousPrice=38.000,PairedVolume=2745,MktOrdVolume=0,MktOrdSide=0,NearIndicativeClosingPx=0,FarIndicativeClosingPx=0,PxVariation=0\n'"
"b'LocalTime=10:54:30.082,Message=Imbalance,MarketTime=10:54:30.310,Side=B,Type=H,Status= ,Symbol=AMV.NQ,Price=38.000,Volume=148,Source=NSDQ,AuctionPrice=38.000,ContinuousPrice=38.000,PairedVolume=2745,MktOrdVolume=0,MktOrdSide=0,NearIndicativeClosingPx=0,FarIndicativeClosingPx=0,PxVariation=0\n'"
"b'LocalTime=10:54:32.108,Message=Imbalance,MarketTime=10:54:32.310,Side=B,Type=H,Status= ,Symbol=AMV.NQ,Price=38.000,Volume=148,Source=NSDQ,AuctionPrice=38.000,ContinuousPrice=38.000,PairedVolume=2745,MktOrdVolume=0,MktOrdSide=0,NearIndicativeClosingPx=0,FarIndicativeClosingPx=0,PxVariation=0\n'"
"b'LocalTime=10:54:34.082,Message=Imbalance,MarketTime=10:54:34.310,Side=B,Type=H,Status= ,Symbol=AMV.NQ,Price=38.000,Volume=149,Source=NSDQ,AuctionPrice=38.000,ContinuousPrice=38.000,PairedVolume=2745,MktOrdVolume=0,MktOrdSide=0,NearIndicativeClosingPx=0,FarIndicativeClosingPx=0,PxVariation=0\n'"
"b'LocalTime=10:54:36.086,Message=Imbalance,MarketTime=10:54:36.310,Side=B,Type=H,Status= ,Symbol=AMV.NQ,Price=38.180,Volume=51,Source=NSDQ,AuctionPrice=38.180,ContinuousPrice=38.180,PairedVolume=2745,MktOrdVolume=0,MktOrdSide=0,NearIndicativeClosingPx=0,FarIndicativeClosingPx=0,PxVariation=0\n'"
"b'LocalTime=10:54:38.077,Message=Imbalance,MarketTime=10:54:38.310,Side=B,Type=H,Status= ,Symbol=AMV.NQ,Price=38.180,Volume=51,Source=NSDQ,AuctionPrice=38.180,ContinuousPrice=38.180,PairedVolume=2745,MktOrdVolume=0,MktOrdSide=0,NearIndicativeClosingPx=0,FarIndicativeClosingPx=0,PxVariation=0\n'"
"b'LocalTime=10:54:40.079,Message=Imbalance,MarketTime=10:54:40.310,Side=B,Type=H,Status= ,Symbol=AMV.NQ,Price=38.180,Volume=45,Source=NSDQ,AuctionPrice=38.180,ContinuousPrice=38.180,PairedVolume=2745,MktOrdVolume=0,MktOrdSide=0,NearIndicativeClosingPx=0,FarIndicativeClosingPx=0,PxVariation=0\n'"
"b'LocalTime=10:54:42.083,Message=Imbalance,MarketTime=10:54:42.310,Side=B,Type=H,Status= ,Symbol=AMV.NQ,Price=38.180,Volume=45,Source=NSDQ,AuctionPrice=38.180,ContinuousPrice=38.180,PairedVolume=2745,MktOrdVolume=0,MktOrdSide=0,NearIndicativeClosingPx=0,FarIndicativeClosingPx=0,PxVariation=0\n'"
"b'LocalTime=10:54:44.083,Message=Imbalance,MarketTime=10:54:44.310,Side=B,Type=H,Status= ,Symbol=AMV.NQ,Price=38.180,Volume=46,Source=NSDQ,AuctionPrice=38.180,ContinuousPrice=38.180,PairedVolume=2745,MktOrdVolume=0,MktOrdSide=0,NearIndicativeClosingPx=0,FarIndicativeClosingPx=0,PxVariation=0\n'"
"b'LocalTime=10:54:46.105,Message=Imbalance,MarketTime=10:54:46.310,Side=B,Type=H,Status= ,Symbol=AMV.NQ,Price=38.180,Volume=47,Source=NSDQ,AuctionPrice=38.180,ContinuousPrice=38.180,PairedVolume=2745,MktOrdVolume=0,MktOrdSide=0,NearIndicativeClosingPx=0,FarIndicativeClosingPx=0,PxVariation=0\n'"
"b'LocalTime=10:54:48.077,Message=Imbalance,MarketTime=10:54:48.310,Side=B,Type=H,Status= ,Symbol=AMV.NQ,Price=38.180,Volume=76,Source=NSDQ,AuctionPrice=38.180,ContinuousPrice=38.180,PairedVolume=2744,MktOrdVolume=0,MktOrdSide=0,NearIndicativeClosingPx=0,FarIndicativeClosingPx=0,PxVariation=0\n'"
"b'LocalTime=10:54:50.086,Message=Imbalance,MarketTime=10:54:50.310,Side=B,Type=H,Status= ,Symbol=AMV.NQ,Price=38.180,Volume=128,Source=NSDQ,AuctionPrice=38.180,ContinuousPrice=38.180,PairedVolume=2744,MktOrdVolume=0,MktOrdSide=0,NearIndicativeClosingPx=0,FarIndicativeClosingPx=0,PxVariation=0\n'"
"b'LocalTime=10:54:52.103,Message=Imbalance,MarketTime=10:54:52.310,Side=B,Type=H,Status= ,Symbol=AMV.NQ,Price=38.180,Volume=128,Source=NSDQ,AuctionPrice=38.180,ContinuousPrice=38.180,PairedVolume=2744,MktOrdVolume=0,MktOrdSide=0,NearIndicativeClosingPx=0,FarIndicativeClosingPx=0,PxVariation=0\n'"
"b'LocalTime=10:54:54.091,Message=Imbalance,MarketTime=10:54:54.310,Side=B,Type=H,Status= ,Symbol=AMV.NQ,Price=38.180,Volume=126,Source=NSDQ,AuctionPrice=38.180,ContinuousPrice=38.180,PairedVolume=2746,MktOrdVolume=0,MktOrdSide=0,NearIndicativeClosingPx=0,FarIndicativeClosingPx=0,PxVariation=0\n'"
"b'LocalTime=10:54:56.077,Message=Imbalance,MarketTime=10:54:56.310,Side=B,Type=H,Status= ,Symbol=AMV.NQ,Price=38.180,Volume=126,Source=NSDQ,AuctionPrice=38.180,ContinuousPrice=38.180,PairedVolume=2746,MktOrdVolume=0,MktOrdSide=0,NearIndicativeClosingPx=0,FarIndicativeClosingPx=0,PxVariation=0\n'"
"b'LocalTime=10:54:58.116,Message=Imbalance,MarketTime=10:54:58.310,Side=B,Type=H,Status= ,Symbol=AMV.NQ,Price=38.350,Volume=7,Source=NSDQ,AuctionPrice=38.350,ContinuousPrice=38.350,PairedVolume=2746,MktOrdVolume=0,MktOrdSide=0,NearIndicativeClosingPx=0,FarIndicativeClosingPx=0,PxVariation=0\n'"
"b'LocalTime=10:55:00.083,Message=Imbalance,MarketTime=10:55:00.310,Side=B,Type=H,Status= ,Symbol=AMV.NQ,Price=38.350,Volume=6,Source=NSDQ,AuctionPrice=38.350,ContinuousPrice=38.350,PairedVolume=2746,MktOrdVolume=0,MktOrdSide=0,NearIndicativeClosingPx=0,FarIndicativeClosingPx=0,PxVariation=0\n'"
"b'LocalTime=10:55:02.077,Message=Imbalance,MarketTime=10:55:02.310,Side=B,Type=H,Status= ,Symbol=AMV.NQ,Price=38.180,Volume=93,Source=NSDQ,AuctionPrice=38.180,ContinuousPrice=38.180,PairedVolume=2748,MktOrdVolume=0,MktOrdSide=0,NearIndicativeClosingPx=0,FarIndicativeClosingPx=0,PxVariation=0\n'"
"b'LocalTime=10:55:04.081,Message=Imbalance,MarketTime=10:55:04.310,Side=B,Type=H,Status= ,Symbol=AMV.NQ,Price=38.180,Volume=92,Source=NSDQ,AuctionPrice=38.180,ContinuousPrice=38.180,PairedVolume=2748,MktOrdVolume=0,MktOrdSide=0,NearIndicativeClosingPx=0,FarIndicativeClosingPx=0,PxVariation=0\n'"
"b'LocalTime=10:55:06.079,Message=Imbalance,MarketTime=10:55:06.310,Side=B,Type=H,Status= ,Symbol=AMV.NQ,Price=38.180,Volume=93,Source=NSDQ,AuctionPrice=38.180,ContinuousPrice=38.180,PairedVolume=2748,MktOrdVolume=0,MktOrdSide=0,NearIndicativeClosingPx=0,FarIndicativeClosingPx=0,PxVariation=0\n'"
"b'LocalTime=10:55:08.091,Message=Imbalance,MarketTime=10:55:08.310,Side=B,Type=H,Status= ,Symbol=AMV.NQ,Price=38.350,Volume=103,Source=NSDQ,AuctionPrice=38.350,ContinuousPrice=38.350,PairedVolume=2748,MktOrdVolume=0,MktOrdSide=0,NearIndicativeClosingPx=0,FarIndicativeClosingPx=0,PxVariation=0\n'"
"b'LocalTime=10:55:10.080,Message=Imbalance,MarketTime=10:55:10.310,Side=B,Type=H,Status= ,Symbol=AMV.NQ,Price=38.350,Volume=17,Source=NSDQ,AuctionPrice=38.350,ContinuousPrice=38.350,PairedVolume=2748,MktOrdVolume=0,MktOrdSide=0,NearIndicativeClosingPx=0,FarIndicativeClosingPx=0,PxVariation=0\n'"
"b'LocalTime=10:55:12.091,Message=Imbalance,MarketTime=10:55:12.310,Side=B,Type=H,Status= ,Symbol=AMV.NQ,Price=38.350,Volume=33,Source=NSDQ,AuctionPrice=38.350,ContinuousPrice=38.350,PairedVolume=2748,MktOrdVolume=0,MktOrdSide=0,NearIndicativeClosingPx=0,FarIndicativeClosingPx=0,PxVariation=0\n'"
"b'LocalTime=10:55:14.082,Message=Imbalance,MarketTime=10:55:14.310,Side=B,Type=H,Status= ,Symbol=AMV.NQ,Price=38.350,Volume=54,Source=NSDQ,AuctionPrice=38.350,ContinuousPrice=38.350,PairedVolume=2747,MktOrdVolume=0,MktOrdSide=0,NearIndicativeClosingPx=0,FarIndicativeClosingPx=0,PxVariation=0\n'"
"b'LocalTime=10:55:16.080,Message=Imbalance,MarketTime=10:55:16.310,Side=B,Type=H,Status= ,Symbol=AMV.NQ,Price=38.350,Volume=54,Source=NSDQ,AuctionPrice=38.350,ContinuousPrice=38.350,PairedVolume=2747,MktOrdVolume=0,MktOrdSide=0,NearIndicativeClosingPx=0,FarIndicativeClosingPx=0,PxVariation=0\n'"
"b'LocalTime=10:55:18.085,Message=Imbalance,MarketTime=10:55:18.310,Side=B,Type=H,Status= ,Symbol=AMV.NQ,Price=38.350,Volume=54,Source=NSDQ,AuctionPrice=38.350,ContinuousPrice=38.350,PairedVolume=2747,MktOrdVolume=0,MktOrdSide=0,NearIndicativeClosingPx=0,FarIndicativeClosingPx=0,PxVariation=0\n'"
"b'LocalTime=10:55:20.084,Message=Imbalance,MarketTime=10:55:20.310,Side=B,Type=H,Status= ,Symbol=AMV.NQ,Price=38.350,Volume=29,Source=NSDQ,AuctionPrice=38.350,ContinuousPrice=38.350,PairedVolume=2772,MktOrdVolume=0,MktOrdSide=0,NearIndicativeClosingPx=0,FarIndicativeClosingPx=0,PxVariation=0\n'"
"b'LocalTime=10:55:22.083,Message=Imbalance,MarketTime=10:55:22.310,Side=B,Type=H,Status= ,Symbol=AMV.NQ,Price=38.350,Volume=29,Source=NSDQ,AuctionPrice=38.350,ContinuousPrice=38.350,PairedVolume=2772,MktOrdVolume=0,MktOrdSide=0,NearIndicativeClosingPx=0,FarIndicativeClosingPx=0,PxVariation=0\n'"
"b'LocalTime=10:55:24.078,Message=Imbalance,MarketTime=10:55:24.310,Side=B,Type=H,Status= ,Symbol=AMV.NQ,Price=38.730,Volume=7,Source=NSDQ,AuctionPrice=38.730,ContinuousPrice=38.730,PairedVolume=2772,MktOrdVolume=0,MktOrdSide=0,NearIndicativeClosingPx=0,FarIndicativeClosingPx=0,PxVariation=0\n'"
"b'LocalTime=10:55:26.079,Message=Imbalance,MarketTime=10:55:26.310,Side=B,Type=H,Status= ,Symbol=AMV.NQ,Price=39.040,Volume=27,Source=NSDQ,AuctionPrice=39.040,ContinuousPrice=39.040,PairedVolume=2772,MktOrdVolume=0,MktOrdSide=0,NearIndicativeClosingPx=0,FarIndicativeClosingPx=0,PxVariation=0\n'"
"b'LocalTime=10:55:28.079,Message=Imbalance,MarketTime=10:55:28.310,Side=B,Type=H,Status= ,Symbol=AMV.NQ,Price=39.040,Volume=28,Source=NSDQ,AuctionPrice=39.040,ContinuousPrice=39.040,PairedVolume=2771,MktOrdVolume=0,MktOrdSide=0,NearIndicativeClosingPx=0,FarIndicativeClosingPx=0,PxVariation=0\n'"
"b'LocalTime=10:55:30.084,Message=Imbalance,MarketTime=10:55:30.310,Side=B,Type=H,Status= ,Symbol=AMV.NQ,Price=39.040,Volume=30,Source=NSDQ,AuctionPrice=39.040,ContinuousPrice=39.040,PairedVolume=2771,MktOrdVolume=0,MktOrdSide=0,NearIndicativeClosingPx=0,FarIndicativeClosingPx=0,PxVariation=0\n'"
"b'LocalTime=10:55:32.095,Message=Imbalance,MarketTime=10:55:32.310,Side=B,Type=H,Status= ,Symbol=AMV.NQ,Price=39.040,Volume=30,Source=NSDQ,AuctionPrice=39.040,ContinuousPrice=39.040,PairedVolume=2771,MktOrdVolume=0,MktOrdSide=0,NearIndicativeClosingPx=0,FarIndicativeClosingPx=0,PxVariation=0\n'"
"b'LocalTime=10:55:34.102,Message=Imbalance,MarketTime=10:55:34.309,Side=B,Type=H,Status= ,Symbol=AMV.NQ,Price=39.040,Volume=29,Source=NSDQ,AuctionPrice=39.040,ContinuousPrice=39.040,PairedVolume=2771,MktOrdVolume=0,MktOrdSide=0,NearIndicativeClosingPx=0,FarIndicativeClosingPx=0,PxVariation=0\n'"
"b'LocalTime=10:55:36.086,Message=Imbalance,MarketTime=10:55:36.310,Side=B,Type=H,Status= ,Symbol=AMV.NQ,Price=39.520,Volume=10,Source=NSDQ,AuctionPrice=39.520,ContinuousPrice=39.520,PairedVolume=2771,MktOrdVolume=0,MktOrdSide=0,NearIndicativeClosingPx=0,FarIndicativeClosingPx=0,PxVariation=0\n'"
"b'LocalTime=10:55:38.078,Message=Imbalance,MarketTime=10:55:38.310,Side=B,Type=H,Status= ,Symbol=AMV.NQ,Price=39.520,Volume=10,Source=NSDQ,AuctionPrice=39.520,ContinuousPrice=39.520,PairedVolume=2771,MktOrdVolume=0,MktOrdSide=0,NearIndicativeClosingPx=0,FarIndicativeClosingPx=0,PxVariation=0\n'"
"b'LocalTime=10:55:40.078,Message=Imbalance,MarketTime=10:55:40.310,Side=B,Type=H,Status= ,Symbol=AMV.NQ,Price=39.520,Volume=40,Source=NSDQ,AuctionPrice=39.520,ContinuousPrice=39.520,PairedVolume=2771,MktOrdVolume=0,MktOrdSide=0,NearIndicativeClosingPx=0,FarIndicativeClosingPx=0,PxVariation=0\n'"
"b'LocalTime=10:55:42.108,Message=Imbalance,MarketTime=10:55:42.310,Side=B,Type=H,Status= ,Symbol=AMV.NQ,Price=40.000,Volume=40,Source=NSDQ,AuctionPrice=40.000,ContinuousPrice=40.000,PairedVolume=2771,MktOrdVolume=0,MktOrdSide=0,NearIndicativeClosingPx=0,FarIndicativeClosingPx=0,PxVariation=0\n'"
"b'LocalTime=10:55:44.092,Message=Imbalance,MarketTime=10:55:44.310,Side=B,Type=H,Status= ,Symbol=AMV.NQ,Price=39.520,Volume=7,Source=NSDQ,AuctionPrice=39.520,ContinuousPrice=39.520,PairedVolume=2771,MktOrdVolume=0,MktOrdSide=0,NearIndicativeClosingPx=0,FarIndicativeClosingPx=0,PxVariation=0\n'"
"b'LocalTime=10:55:46.083,Message=Imbalance,MarketTime=10:55:46.310,Side=B,Type=H,Status= ,Symbol=AMV.NQ,Price=39.520,Volume=30,Source=NSDQ,AuctionPrice=39.520,ContinuousPrice=39.520,PairedVolume=2771,MktOrdVolume=0,MktOrdSide=0,NearIndicativeClosingPx=0,FarIndicativeClosingPx=0,PxVariation=0\n'"
"b'LocalTime=10:55:48.083,Message=Imbalance,MarketTime=10:55:48.310,Side=B,Type=H,Status= ,Symbol=AMV.NQ,Price=39.580,Volume=26,Source=NSDQ,AuctionPrice=39.580,ContinuousPrice=39.580,PairedVolume=2771,MktOrdVolume=0,MktOrdSide=0,NearIndicativeClosingPx=0,FarIndicativeClosingPx=0,PxVariation=0\n'"
"b'LocalTime=10:55:50.084,Message=Imbalance,MarketTime=10:55:50.310,Side=B,Type=H,Status= ,Symbol=AMV.NQ,Price=40.000,Volume=29,Source=NSDQ,AuctionPrice=40.000,ContinuousPrice=40.000,PairedVolume=2771,MktOrdVolume=0,MktOrdSide=0,NearIndicativeClosingPx=0,FarIndicativeClosingPx=0,PxVariation=0\n'"
"b'LocalTime=10:55:52.080,Message=Imbalance,MarketTime=10:55:52.310,Side=B,Type=H,Status= ,Symbol=AMV.NQ,Price=40.000,Volume=64,Source=NSDQ,AuctionPrice=40.000,ContinuousPrice=40.000,PairedVolume=2771,MktOrdVolume=0,MktOrdSide=0,NearIndicativeClosingPx=0,FarIndicativeClosingPx=0,PxVariation=0\n'"
"b'LocalTime=10:55:53.008,Message=Imbalance,MarketTime=10:55:53.357,Side=S,Type=R,Status=E,Symbol=CO.NY,Price=0,Volume=32306,Source=NYSE,AuctionPrice=2.9876,ContinuousPrice=2.6600,PairedVolume=30022,MktOrdVolume=0,MktOrdSide=0,NearIndicativeClosingPx=0,FarIndicativeClosingPx=0,PxVariation=0\n'"
"b'LocalTime=10:55:54.099,Message=Imbalance,MarketTime=10:55:54.310,Side=B,Type=H,Status= ,Symbol=AMV.NQ,Price=40.000,Volume=64,Source=NSDQ,AuctionPrice=40.000,ContinuousPrice=40.000,PairedVolume=2771,MktOrdVolume=0,MktOrdSide=0,NearIndicativeClosingPx=0,FarIndicativeClosingPx=0,PxVariation=0\n'"
"b'LocalTime=10:55:56.082,Message=Imbalance,MarketTime=10:55:56.310,Side=B,Type=H,Status= ,Symbol=AMV.NQ,Price=40.000,Volume=62,Source=NSDQ,AuctionPrice=40.000,ContinuousPrice=40.000,PairedVolume=2771,MktOrdVolume=0,MktOrdSide=0,NearIndicativeClosingPx=0,FarIndicativeClosingPx=0,PxVariation=0\n'"
"b'LocalTime=10:55:58.079,Message=Imbalance,MarketTime=10:55:58.310,Side=B,Type=H,Status= ,Symbol=AMV.NQ,Price=40.000,Volume=110,Source=NSDQ,AuctionPrice=40.000,ContinuousPrice=40.000,PairedVolume=2771,MktOrdVolume=0,MktOrdSide=0,NearIndicativeClosingPx=0,FarIndicativeClosingPx=0,PxVariation=0\n'"
"b'LocalTime=10:56:00.080,Message=Imbalance,MarketTime=10:56:00.310,Side=B,Type=H,Status= ,Symbol=AMV.NQ,Price=40.000,Volume=160,Source=NSDQ,AuctionPrice=40.000,ContinuousPrice=40.000,PairedVolume=2771,MktOrdVolume=0,MktOrdSide=0,NearIndicativeClosingPx=0,FarIndicativeClosingPx=0,PxVariation=0\n'"
"b'LocalTime=10:56:02.089,Message=Imbalance,MarketTime=10:56:02.310,Side=B,Type=H,Status= ,Symbol=AMV.NQ,Price=40.000,Volume=163,Source=NSDQ,AuctionPrice=40.000,ContinuousPrice=40.000,PairedVolume=2771,MktOrdVolume=0,MktOrdSide=0,NearIndicativeClosingPx=0,FarIndicativeClosingPx=0,PxVariation=0\n'"
"b'LocalTime=10:56:04.079,Message=Imbalance,MarketTime=10:56:04.310,Side=B,Type=H,Status= ,Symbol=AMV.NQ,Price=40.000,Volume=166,Source=NSDQ,AuctionPrice=40.000,ContinuousPrice=40.000,PairedVolume=2771,MktOrdVolume=0,MktOrdSide=0,NearIndicativeClosingPx=0,FarIndicativeClosingPx=0,PxVariation=0\n'"
"b'LocalTime=10:56:06.079,Message=Imbalance,MarketTime=10:56:06.310,Side=B,Type=H,Status= ,Symbol=AMV.NQ,Price=40.000,Volume=186,Source=NSDQ,AuctionPrice=40.000,ContinuousPrice=40.000,PairedVolume=2771,MktOrdVolume=0,MktOrdSide=0,NearIndicativeClosingPx=0,FarIndicativeClosingPx=0,PxVariation=0\n'"
"b'LocalTime=10:56:08.080,Message=Imbalance,MarketTime=10:56:08.310,Side=B,Type=H,Status= ,Symbol=AMV.NQ,Price=40.000,Volume=193,Source=NSDQ,AuctionPrice=40.000,ContinuousPrice=40.000,PairedVolume=2772,MktOrdVolume=0,MktOrdSide=0,NearIndicativeClosingPx=0,FarIndicativeClosingPx=0,PxVariation=0\n'"
"b'LocalTime=10:56:10.081,Message=Imbalance,MarketTime=10:56:10.310,Side=B,Type=H,Status= ,Symbol=AMV.NQ,Price=40.000,Volume=193,Source=NSDQ,AuctionPrice=40.000,ContinuousPrice=40.000,PairedVolume=2772,MktOrdVolume=0,MktOrdSide=0,NearIndicativeClosingPx=0,FarIndicativeClosingPx=0,PxVariation=0\n'"
"b'LocalTime=10:56:12.084,Message=Imbalance,MarketTime=10:56:12.310,Side=B,Type=H,Status= ,Symbol=AMV.NQ,Price=40.000,Volume=183,Source=NSDQ,AuctionPrice=40.000,ContinuousPrice=40.000,PairedVolume=2772,MktOrdVolume=0,MktOrdSide=0,NearIndicativeClosingPx=0,FarIndicativeClosingPx=0,PxVariation=0\n'"
"b'LocalTime=10:56:14.080,Message=Imbalance,MarketTime=10:56:14.310,Side=B,Type=H,Status= ,Symbol=AMV.NQ,Price=40.000,Volume=313,Source=NSDQ,AuctionPrice=40.000,ContinuousPrice=40.000,PairedVolume=2772,MktOrdVolume=0,MktOrdSide=0,NearIndicativeClosingPx=0,FarIndicativeClosingPx=0,PxVariation=0\n'"
"b'LocalTime=10:56:16.085,Message=Imbalance,MarketTime=10:56:16.310,Side=B,Type=H,Status= ,Symbol=AMV.NQ,Price=40.000,Volume=314,Source=NSDQ,AuctionPrice=40.000,ContinuousPrice=40.000,PairedVolume=2791,MktOrdVolume=0,MktOrdSide=0,NearIndicativeClosingPx=0,FarIndicativeClosingPx=0,PxVariation=0\n'"
"b'LocalTime=10:56:18.095,Message=Imbalance,MarketTime=10:56:18.310,Side=B,Type=H,Status= ,Symbol=AMV.NQ,Price=40.000,Volume=314,Source=NSDQ,AuctionPrice=40.000,ContinuousPrice=40.000,PairedVolume=2791,MktOrdVolume=0,MktOrdSide=0,NearIndicativeClosingPx=0,FarIndicativeClosingPx=0,PxVariation=0\n'"
"b'LocalTime=10:56:20.096,Message=Imbalance,MarketTime=10:56:20.310,Side=B,Type=H,Status= ,Symbol=AMV.NQ,Price=40.000,Volume=324,Source=NSDQ,AuctionPrice=40.000,ContinuousPrice=40.000,PairedVolume=2791,MktOrdVolume=0,MktOrdSide=0,NearIndicativeClosingPx=0,FarIndicativeClosingPx=0,PxVariation=0\n'"
"b'LocalTime=10:56:22.091,Message=Imbalance,MarketTime=10:56:22.310,Side=B,Type=H,Status= ,Symbol=AMV.NQ,Price=40.000,Volume=325,Source=NSDQ,AuctionPrice=40.000,ContinuousPrice=40.000,PairedVolume=2791,MktOrdVolume=0,MktOrdSide=0,NearIndicativeClosingPx=0,FarIndicativeClosingPx=0,PxVariation=0\n'"
"b'LocalTime=10:56:24.086,Message=Imbalance,MarketTime=10:56:24.310,Side=B,Type=H,Status= ,Symbol=AMV.NQ,Price=40.000,Volume=425,Source=NSDQ,AuctionPrice=40.000,ContinuousPrice=40.000,PairedVolume=2791,MktOrdVolume=0,MktOrdSide=0,NearIndicativeClosingPx=0,FarIndicativeClosingPx=0,PxVariation=0\n'"
"b'LocalTime=10:56:26.080,Message=Imbalance,MarketTime=10:56:26.309,Side=B,Type=H,Status= ,Symbol=AMV.NQ,Price=40.000,Volume=425,Source=NSDQ,AuctionPrice=40.000,ContinuousPrice=40.000,PairedVolume=2791,MktOrdVolume=0,MktOrdSide=0,NearIndicativeClosingPx=0,FarIndicativeClosingPx=0,PxVariation=0\n'"
"b'LocalTime=10:56:28.080,Message=Imbalance,MarketTime=10:56:28.310,Side=B,Type=H,Status= ,Symbol=AMV.NQ,Price=40.000,Volume=524,Source=NSDQ,AuctionPrice=40.000,ContinuousPrice=40.000,PairedVolume=2791,MktOrdVolume=0,MktOrdSide=0,NearIndicativeClosingPx=0,FarIndicativeClosingPx=0,PxVariation=0\n'"
"b'LocalTime=10:56:30.080,Message=Imbalance,MarketTime=10:56:30.309,Side=B,Type=H,Status= ,Symbol=AMV.NQ,Price=40.000,Volume=523,Source=NSDQ,AuctionPrice=40.000,ContinuousPrice=40.000,PairedVolume=2791,MktOrdVolume=0,MktOrdSide=0,NearIndicativeClosingPx=0,FarIndicativeClosingPx=0,PxVariation=0\n'"
"b'LocalTime=10:56:32.097,Message=Imbalance,MarketTime=10:56:32.310,Side=B,Type=H,Status= ,Symbol=AMV.NQ,Price=40.000,Volume=521,Source=NSDQ,AuctionPrice=40.000,ContinuousPrice=40.000,PairedVolume=2791,MktOrdVolume=0,MktOrdSide=0,NearIndicativeClosingPx=0,FarIndicativeClosingPx=0,PxVariation=0\n'"
"b'LocalTime=10:56:34.079,Message=Imbalance,MarketTime=10:56:34.310,Side=B,Type=H,Status= ,Symbol=AMV.NQ,Price=40.000,Volume=457,Source=NSDQ,AuctionPrice=40.000,ContinuousPrice=40.000,PairedVolume=2791,MktOrdVolume=0,MktOrdSide=0,NearIndicativeClosingPx=0,FarIndicativeClosingPx=0,PxVariation=0\n'"
"b'LocalTime=10:56:36.098,Message=Imbalance,MarketTime=10:56:36.310,Side=B,Type=H,Status= ,Symbol=AMV.NQ,Price=40.000,Volume=457,Source=NSDQ,AuctionPrice=40.000,ContinuousPrice=40.000,PairedVolume=2791,MktOrdVolume=0,MktOrdSide=0,NearIndicativeClosingPx=0,FarIndicativeClosingPx=0,PxVariation=0\n'"
"b'LocalTime=10:56:38.102,Message=Imbalance,MarketTime=10:56:38.310,Side=B,Type=H,Status= ,Symbol=AMV.NQ,Price=40.000,Volume=557,Source=NSDQ,AuctionPrice=40.000,ContinuousPrice=40.000,PairedVolume=2791,MktOrdVolume=0,MktOrdSide=0,NearIndicativeClosingPx=0,FarIndicativeClosingPx=0,PxVariation=0\n'"
"b'LocalTime=10:56:40.080,Message=Imbalance,MarketTime=10:56:40.310,Side=B,Type=H,Status= ,Symbol=AMV.NQ,Price=40.000,Volume=558,Source=NSDQ,AuctionPrice=40.000,ContinuousPrice=40.000,PairedVolume=2790,MktOrdVolume=0,MktOrdSide=0,NearIndicativeClosingPx=0,FarIndicativeClosingPx=0,PxVariation=0\n'"
"b'LocalTime=10:56:42.087,Message=Imbalance,MarketTime=10:56:42.310,Side=B,Type=H,Status= ,Symbol=AMV.NQ,Price=40.000,Volume=558,Source=NSDQ,AuctionPrice=40.000,ContinuousPrice=40.000,PairedVolume=2790,MktOrdVolume=0,MktOrdSide=0,NearIndicativeClosingPx=0,FarIndicativeClosingPx=0,PxVariation=0\n'"
"b'LocalTime=10:56:44.080,Message=Imbalance,MarketTime=10:56:44.310,Side=B,Type=H,Status= ,Symbol=AMV.NQ,Price=40.360,Volume=9,Source=NSDQ,AuctionPrice=40.360,ContinuousPrice=40.360,PairedVolume=2790,MktOrdVolume=0,MktOrdSide=0,NearIndicativeClosingPx=0,FarIndicativeClosingPx=0,PxVariation=0\n'"
"b'LocalTime=10:56:46.084,Message=Imbalance,MarketTime=10:56:46.310,Side=B,Type=H,Status= ,Symbol=AMV.NQ,Price=40.360,Volume=98,Source=NSDQ,AuctionPrice=40.360,ContinuousPrice=40.360,PairedVolume=2790,MktOrdVolume=0,MktOrdSide=0,NearIndicativeClosingPx=0,FarIndicativeClosingPx=0,PxVariation=0\n'"
"b'LocalTime=10:56:48.088,Message=Imbalance,MarketTime=10:56:48.310,Side=B,Type=H,Status= ,Symbol=AMV.NQ,Price=40.360,Volume=97,Source=NSDQ,AuctionPrice=40.360,ContinuousPrice=40.360,PairedVolume=2791,MktOrdVolume=0,MktOrdSide=0,NearIndicativeClosingPx=0,FarIndicativeClosingPx=0,PxVariation=0\n'"
"b'LocalTime=10:56:50.090,Message=Imbalance,MarketTime=10:56:50.310,Side=B,Type=H,Status= ,Symbol=AMV.NQ,Price=40.360,Volume=97,Source=NSDQ,AuctionPrice=40.360,ContinuousPrice=40.360,PairedVolume=2791,MktOrdVolume=0,MktOrdSide=0,NearIndicativeClosingPx=0,FarIndicativeClosingPx=0,PxVariation=0\n'"
"b'LocalTime=10:56:52.081,Message=Imbalance,MarketTime=10:56:52.310,Side=B,Type=H,Status= ,Symbol=AMV.NQ,Price=40.000,Volume=657,Source=NSDQ,AuctionPrice=40.000,ContinuousPrice=40.000,PairedVolume=2791,MktOrdVolume=0,MktOrdSide=0,NearIndicativeClosingPx=0,FarIndicativeClosingPx=0,PxVariation=0\n'"
"b'LocalTime=10:56:54.121,Message=Imbalance,MarketTime=10:56:54.310,Side=B,Type=H,Status= ,Symbol=AMV.NQ,Price=40.000,Volume=680,Source=NSDQ,AuctionPrice=40.000,ContinuousPrice=40.000,PairedVolume=2791,MktOrdVolume=0,MktOrdSide=0,NearIndicativeClosingPx=0,FarIndicativeClosingPx=0,PxVariation=0\n'"
"b'LocalTime=10:56:56.083,Message=Imbalance,MarketTime=10:56:56.310,Side=B,Type=H,Status= ,Symbol=AMV.NQ,Price=40.000,Volume=680,Source=NSDQ,AuctionPrice=40.000,ContinuousPrice=40.000,PairedVolume=2791,MktOrdVolume=0,MktOrdSide=0,NearIndicativeClosingPx=0,FarIndicativeClosingPx=0,PxVariation=0\n'"
"b'LocalTime=10:56:58.106,Message=Imbalance,MarketTime=10:56:58.310,Side=B,Type=H,Status= ,Symbol=AMV.NQ,Price=40.000,Volume=740,Source=NSDQ,AuctionPrice=40.000,ContinuousPrice=40.000,PairedVolume=2791,MktOrdVolume=0,MktOrdSide=0,NearIndicativeClosingPx=0,FarIndicativeClosingPx=0,PxVariation=0\n'"
"b'LocalTime=10:57:00.082,Message=Imbalance,MarketTime=10:57:00.310,Side=B,Type=H,Status= ,Symbol=AMV.NQ,Price=40.000,Volume=770,Source=NSDQ,AuctionPrice=40.000,ContinuousPrice=40.000,PairedVolume=2791,MktOrdVolume=0,MktOrdSide=0,NearIndicativeClosingPx=0,FarIndicativeClosingPx=0,PxVariation=0\n'"
"b'LocalTime=10:57:02.080,Message=Imbalance,MarketTime=10:57:02.310,Side=B,Type=H,Status= ,Symbol=AMV.NQ,Price=40.000,Volume=770,Source=NSDQ,AuctionPrice=40.000,ContinuousPrice=40.000,PairedVolume=2791,MktOrdVolume=0,MktOrdSide=0,NearIndicativeClosingPx=0,FarIndicativeClosingPx=0,PxVariation=0\n'"
"b'LocalTime=10:57:04.083,Message=Imbalance,MarketTime=10:57:04.310,Side=B,Type=H,Status= ,Symbol=AMV.NQ,Price=40.000,Volume=710,Source=NSDQ,AuctionPrice=40.000,ContinuousPrice=40.000,PairedVolume=2871,MktOrdVolume=0,MktOrdSide=0,NearIndicativeClosingPx=0,FarIndicativeClosingPx=0,PxVariation=0\n'"
"b'LocalTime=10:57:06.086,Message=Imbalance,MarketTime=10:57:06.310,Side=B,Type=H,Status= ,Symbol=AMV.NQ,Price=40.000,Volume=690,Source=NSDQ,AuctionPrice=40.000,ContinuousPrice=40.000,PairedVolume=2871,MktOrdVolume=0,MktOrdSide=0,NearIndicativeClosingPx=0,FarIndicativeClosingPx=0,PxVariation=0\n'"
"b'LocalTime=10:57:08.091,Message=Imbalance,MarketTime=10:57:08.310,Side=B,Type=H,Status= ,Symbol=AMV.NQ,Price=40.000,Volume=720,Source=NSDQ,AuctionPrice=40.000,ContinuousPrice=40.000,PairedVolume=2871,MktOrdVolume=0,MktOrdSide=0,NearIndicativeClosingPx=0,FarIndicativeClosingPx=0,PxVariation=0\n'"
"b'LocalTime=10:57:10.083,Message=Imbalance,MarketTime=10:57:10.310,Side=B,Type=H,Status= ,Symbol=AMV.NQ,Price=40.000,Volume=720,Source=NSDQ,AuctionPrice=40.000,ContinuousPrice=40.000,PairedVolume=2871,MktOrdVolume=0,MktOrdSide=0,NearIndicativeClosingPx=0,FarIndicativeClosingPx=0,PxVariation=0\n'"
"b'LocalTime=10:57:12.081,Message=Imbalance,MarketTime=10:57:12.310,Side=B,Type=H,Status= ,Symbol=AMV.NQ,Price=40.000,Volume=724,Source=NSDQ,AuctionPrice=40.000,ContinuousPrice=40.000,PairedVolume=2871,MktOrdVolume=0,MktOrdSide=0,NearIndicativeClosingPx=0,FarIndicativeClosingPx=0,PxVariation=0\n'"
"b'LocalTime=10:57:14.086,Message=Imbalance,MarketTime=10:57:14.310,Side=B,Type=H,Status= ,Symbol=AMV.NQ,Price=40.000,Volume=739,Source=NSDQ,AuctionPrice=40.000,ContinuousPrice=40.000,PairedVolume=2876,MktOrdVolume=0,MktOrdSide=0,NearIndicativeClosingPx=0,FarIndicativeClosingPx=0,PxVariation=0\n'"
"b'LocalTime=10:57:16.083,Message=Imbalance,MarketTime=10:57:16.310,Side=B,Type=H,Status= ,Symbol=AMV.NQ,Price=40.100,Volume=5,Source=NSDQ,AuctionPrice=40.100,ContinuousPrice=40.100,PairedVolume=2876,MktOrdVolume=0,MktOrdSide=0,NearIndicativeClosingPx=0,FarIndicativeClosingPx=0,PxVariation=0\n'"
"b'LocalTime=10:57:18.082,Message=Imbalance,MarketTime=10:57:18.310,Side=B,Type=H,Status= ,Symbol=AMV.NQ,Price=40.100,Volume=94,Source=NSDQ,AuctionPrice=40.100,ContinuousPrice=40.100,PairedVolume=2876,MktOrdVolume=0,MktOrdSide=0,NearIndicativeClosingPx=0,FarIndicativeClosingPx=0,PxVariation=0\n'"
"b'LocalTime=10:57:20.082,Message=Imbalance,MarketTime=10:57:20.310,Side=B,Type=H,Status= ,Symbol=AMV.NQ,Price=40.100,Volume=94,Source=NSDQ,AuctionPrice=40.100,ContinuousPrice=40.100,PairedVolume=2876,MktOrdVolume=0,MktOrdSide=0,NearIndicativeClosingPx=0,FarIndicativeClosingPx=0,PxVariation=0\n'"
"b'LocalTime=10:57:22.093,Message=Imbalance,MarketTime=10:57:22.310,Side=B,Type=H,Status= ,Symbol=AMV.NQ,Price=40.100,Volume=168,Source=NSDQ,AuctionPrice=40.100,ContinuousPrice=40.100,PairedVolume=2876,MktOrdVolume=0,MktOrdSide=0,NearIndicativeClosingPx=0,FarIndicativeClosingPx=0,PxVariation=0\n'"
"b'LocalTime=10:57:24.081,Message=Imbalance,MarketTime=10:57:24.310,Side=B,Type=H,Status= ,Symbol=AMV.NQ,Price=40.100,Volume=138,Source=NSDQ,AuctionPrice=40.100,ContinuousPrice=40.100,PairedVolume=2876,MktOrdVolume=0,MktOrdSide=0,NearIndicativeClosingPx=0,FarIndicativeClosingPx=0,PxVariation=0\n'"
"b'LocalTime=10:57:26.102,Message=Imbalance,MarketTime=10:57:26.310,Side=B,Type=H,Status= ,Symbol=AMV.NQ,Price=40.240,Volume=1167,Source=NSDQ,AuctionPrice=40.240,ContinuousPrice=40.240,PairedVolume=2876,MktOrdVolume=0,MktOrdSide=0,NearIndicativeClosingPx=0,FarIndicativeClosingPx=0,PxVariation=0\n'"
"b'LocalTime=10:57:28.087,Message=Imbalance,MarketTime=10:57:28.310,Side=B,Type=H,Status= ,Symbol=AMV.NQ,Price=40.240,Volume=1168,Source=NSDQ,AuctionPrice=40.240,ContinuousPrice=40.240,PairedVolume=2876,MktOrdVolume=0,MktOrdSide=0,NearIndicativeClosingPx=0,FarIndicativeClosingPx=0,PxVariation=0\n'"
"b'LocalTime=10:57:30.094,Message=Imbalance,MarketTime=10:57:30.310,Side=B,Type=H,Status= ,Symbol=AMV.NQ,Price=40.230,Volume=2,Source=NSDQ,AuctionPrice=40.230,ContinuousPrice=40.230,PairedVolume=2876,MktOrdVolume=0,MktOrdSide=0,NearIndicativeClosingPx=0,FarIndicativeClosingPx=0,PxVariation=0\n'"
"b'LocalTime=10:57:32.093,Message=Imbalance,MarketTime=10:57:32.310,Side=B,Type=H,Status= ,Symbol=AMV.NQ,Price=40.230,Volume=3,Source=NSDQ,AuctionPrice=40.230,ContinuousPrice=40.230,PairedVolume=2876,MktOrdVolume=0,MktOrdSide=0,NearIndicativeClosingPx=0,FarIndicativeClosingPx=0,PxVariation=0\n'"
"b'LocalTime=10:57:34.082,Message=Imbalance,MarketTime=10:57:34.310,Side=B,Type=H,Status= ,Symbol=AMV.NQ,Price=40.230,Volume=3,Source=NSDQ,AuctionPrice=40.230,ContinuousPrice=40.230,PairedVolume=2876,MktOrdVolume=0,MktOrdSide=0,NearIndicativeClosingPx=0,FarIndicativeClosingPx=0,PxVariation=0\n'"
"b'LocalTime=10:57:36.094,Message=Imbalance,MarketTime=10:57:36.310,Side=B,Type=H,Status= ,Symbol=AMV.NQ,Price=40.100,Volume=62,Source=NSDQ,AuctionPrice=40.100,ContinuousPrice=40.100,PairedVolume=2876,MktOrdVolume=0,MktOrdSide=0,NearIndicativeClosingPx=0,FarIndicativeClosingPx=0,PxVariation=0\n'"
"b'LocalTime=10:57:38.084,Message=Imbalance,MarketTime=10:57:38.310,Side=B,Type=H,Status= ,Symbol=AMV.NQ,Price=40.100,Volume=17,Source=NSDQ,AuctionPrice=40.100,ContinuousPrice=40.100,PairedVolume=2876,MktOrdVolume=0,MktOrdSide=0,NearIndicativeClosingPx=0,FarIndicativeClosingPx=0,PxVariation=0\n'"
"b'LocalTime=10:57:40.082,Message=Imbalance,MarketTime=10:57:40.310,Side=B,Type=H,Status= ,Symbol=AMV.NQ,Price=40.100,Volume=77,Source=NSDQ,AuctionPrice=40.100,ContinuousPrice=40.100,PairedVolume=2876,MktOrdVolume=0,MktOrdSide=0,NearIndicativeClosingPx=0,FarIndicativeClosingPx=0,PxVariation=0\n'"
"b'LocalTime=10:57:42.083,Message=Imbalance,MarketTime=10:57:42.310,Side=B,Type=H,Status= ,Symbol=AMV.NQ,Price=40.100,Volume=89,Source=NSDQ,AuctionPrice=40.100,ContinuousPrice=40.100,PairedVolume=2876,MktOrdVolume=0,MktOrdSide=0,NearIndicativeClosingPx=0,FarIndicativeClosingPx=0,PxVariation=0\n'"
"b'LocalTime=10:57:44.095,Message=Imbalance,MarketTime=10:57:44.310,Side=B,Type=H,Status= ,Symbol=AMV.NQ,Price=40.100,Volume=90,Source=NSDQ,AuctionPrice=40.100,ContinuousPrice=40.100,PairedVolume=2876,MktOrdVolume=0,MktOrdSide=0,NearIndicativeClosingPx=0,FarIndicativeClosingPx=0,PxVariation=0\n'"
"b'LocalTime=10:57:46.123,Message=Imbalance,MarketTime=10:57:46.310,Side=B,Type=H,Status= ,Symbol=AMV.NQ,Price=40.360,Volume=8,Source=NSDQ,AuctionPrice=40.360,ContinuousPrice=40.360,PairedVolume=2876,MktOrdVolume=0,MktOrdSide=0,NearIndicativeClosingPx=0,FarIndicativeClosingPx=0,PxVariation=0\n'"
"b'LocalTime=10:57:48.093,Message=Imbalance,MarketTime=10:57:48.310,Side=B,Type=H,Status= ,Symbol=AMV.NQ,Price=40.360,Volume=8,Source=NSDQ,AuctionPrice=40.360,ContinuousPrice=40.360,PairedVolume=2876,MktOrdVolume=0,MktOrdSide=0,NearIndicativeClosingPx=0,FarIndicativeClosingPx=0,PxVariation=0\n'"
"b'LocalTime=10:57:50.085,Message=Imbalance,MarketTime=10:57:50.310,Side=B,Type=H,Status= ,Symbol=AMV.NQ,Price=44.000,Volume=51,Source=NSDQ,AuctionPrice=44.000,ContinuousPrice=44.000,PairedVolume=2876,MktOrdVolume=0,MktOrdSide=0,NearIndicativeClosingPx=0,FarIndicativeClosingPx=0,PxVariation=0\n'"
"b'LocalTime=10:57:52.089,Message=Imbalance,MarketTime=10:57:52.310,Side=B,Type=H,Status= ,Symbol=AMV.NQ,Price=42.720,Volume=175,Source=NSDQ,AuctionPrice=42.720,ContinuousPrice=42.720,PairedVolume=2876,MktOrdVolume=0,MktOrdSide=0,NearIndicativeClosingPx=0,FarIndicativeClosingPx=0,PxVariation=0\n'"
"b'LocalTime=10:57:54.083,Message=Imbalance,MarketTime=10:57:54.310,Side=B,Type=H,Status= ,Symbol=AMV.NQ,Price=42.720,Volume=165,Source=NSDQ,AuctionPrice=42.720,ContinuousPrice=42.720,PairedVolume=2876,MktOrdVolume=0,MktOrdSide=0,NearIndicativeClosingPx=0,FarIndicativeClosingPx=0,PxVariation=0\n'"
"b'LocalTime=10:57:56.102,Message=Imbalance,MarketTime=10:57:56.310,Side=B,Type=H,Status= ,Symbol=AMV.NQ,Price=42.720,Volume=167,Source=NSDQ,AuctionPrice=42.720,ContinuousPrice=42.720,PairedVolume=2877,MktOrdVolume=0,MktOrdSide=0,NearIndicativeClosingPx=0,FarIndicativeClosingPx=0,PxVariation=0\n'"
"b'LocalTime=10:57:58.097,Message=Imbalance,MarketTime=10:57:58.310,Side=B,Type=H,Status= ,Symbol=AMV.NQ,Price=42.720,Volume=167,Source=NSDQ,AuctionPrice=42.720,ContinuousPrice=42.720,PairedVolume=2877,MktOrdVolume=0,MktOrdSide=0,NearIndicativeClosingPx=0,FarIndicativeClosingPx=0,PxVariation=0\n'"
"b'LocalTime=10:58:00.101,Message=Imbalance,MarketTime=10:58:00.310,Side=B,Type=H,Status= ,Symbol=AMV.NQ,Price=42.720,Volume=167,Source=NSDQ,AuctionPrice=42.720,ContinuousPrice=42.720,PairedVolume=2877,MktOrdVolume=0,MktOrdSide=0,NearIndicativeClosingPx=0,FarIndicativeClosingPx=0,PxVariation=0\n'"
"b'LocalTime=10:58:02.084,Message=Imbalance,MarketTime=10:58:02.310,Side=B,Type=H,Status= ,Symbol=AMV.NQ,Price=42.720,Volume=167,Source=NSDQ,AuctionPrice=42.720,ContinuousPrice=42.720,PairedVolume=2877,MktOrdVolume=0,MktOrdSide=0,NearIndicativeClosingPx=0,FarIndicativeClosingPx=0,PxVariation=0\n'"
"b'LocalTime=10:58:04.087,Message=Imbalance,MarketTime=10:58:04.310,Side=B,Type=H,Status= ,Symbol=AMV.NQ,Price=42.720,Volume=103,Source=NSDQ,AuctionPrice=42.720,ContinuousPrice=42.720,PairedVolume=2941,MktOrdVolume=0,MktOrdSide=0,NearIndicativeClosingPx=0,FarIndicativeClosingPx=0,PxVariation=0\n'"
"b'LocalTime=10:58:06.082,Message=Imbalance,MarketTime=10:58:06.310,Side=B,Type=H,Status= ,Symbol=AMV.NQ,Price=42.720,Volume=103,Source=NSDQ,AuctionPrice=42.720,ContinuousPrice=42.720,PairedVolume=2941,MktOrdVolume=0,MktOrdSide=0,NearIndicativeClosingPx=0,FarIndicativeClosingPx=0,PxVariation=0\n'"
"b'LocalTime=10:58:08.082,Message=Imbalance,MarketTime=10:58:08.310,Side=B,Type=H,Status= ,Symbol=AMV.NQ,Price=42.720,Volume=106,Source=NSDQ,AuctionPrice=42.720,ContinuousPrice=42.720,PairedVolume=2941,MktOrdVolume=0,MktOrdSide=0,NearIndicativeClosingPx=0,FarIndicativeClosingPx=0,PxVariation=0\n'"
"b'LocalTime=10:58:10.088,Message=Imbalance,MarketTime=10:58:10.310,Side=B,Type=H,Status= ,Symbol=AMV.NQ,Price=42.830,Volume=2,Source=NSDQ,AuctionPrice=42.830,ContinuousPrice=42.830,PairedVolume=2941,MktOrdVolume=0,MktOrdSide=0,NearIndicativeClosingPx=0,FarIndicativeClosingPx=0,PxVariation=0\n'"
"b'LocalTime=10:58:12.085,Message=Imbalance,MarketTime=10:58:12.310,Side=B,Type=H,Status= ,Symbol=AMV.NQ,Price=43.100,Volume=29,Source=NSDQ,AuctionPrice=43.100,ContinuousPrice=43.100,PairedVolume=2941,MktOrdVolume=0,MktOrdSide=0,NearIndicativeClosingPx=0,FarIndicativeClosingPx=0,PxVariation=0\n'"
"b'LocalTime=10:58:14.088,Message=Imbalance,MarketTime=10:58:14.310,Side=B,Type=H,Status= ,Symbol=AMV.NQ,Price=42.830,Volume=4,Source=NSDQ,AuctionPrice=42.830,ContinuousPrice=42.830,PairedVolume=2941,MktOrdVolume=0,MktOrdSide=0,NearIndicativeClosingPx=0,FarIndicativeClosingPx=0,PxVariation=0\n'"
"b'LocalTime=10:58:16.094,Message=Imbalance,MarketTime=10:58:16.310,Side=B,Type=H,Status= ,Symbol=AMV.NQ,Price=44.250,Volume=37,Source=NSDQ,AuctionPrice=44.250,ContinuousPrice=44.250,PairedVolume=2901,MktOrdVolume=0,MktOrdSide=0,NearIndicativeClosingPx=0,FarIndicativeClosingPx=0,PxVariation=0\n'"
"b'LocalTime=10:58:18.085,Message=Imbalance,MarketTime=10:58:18.310,Side=B,Type=H,Status= ,Symbol=AMV.NQ,Price=44.250,Volume=87,Source=NSDQ,AuctionPrice=44.250,ContinuousPrice=44.250,PairedVolume=2901,MktOrdVolume=0,MktOrdSide=0,NearIndicativeClosingPx=0,FarIndicativeClosingPx=0,PxVariation=0\n'"
"b'LocalTime=10:58:20.104,Message=Imbalance,MarketTime=10:58:20.310,Side=B,Type=H,Status= ,Symbol=AMV.NQ,Price=44.250,Volume=87,Source=NSDQ,AuctionPrice=44.250,ContinuousPrice=44.250,PairedVolume=2901,MktOrdVolume=0,MktOrdSide=0,NearIndicativeClosingPx=0,FarIndicativeClosingPx=0,PxVariation=0\n'"
"b'LocalTime=10:58:21.020,Message=Imbalance,MarketTime=10:58:21.352,Side=S,Type=R,Status=E,Symbol=CO.NY,Price=0,Volume=32307,Source=NYSE,AuctionPrice=2.9876,ContinuousPrice=2.6600,PairedVolume=30022,MktOrdVolume=0,MktOrdSide=0,NearIndicativeClosingPx=0,FarIndicativeClosingPx=0,PxVariation=0\n'"
"b'LocalTime=10:58:22.084,Message=Imbalance,MarketTime=10:58:22.310,Side=B,Type=H,Status= ,Symbol=AMV.NQ,Price=44.250,Volume=87,Source=NSDQ,AuctionPrice=44.250,ContinuousPrice=44.250,PairedVolume=2901,MktOrdVolume=0,MktOrdSide=0,NearIndicativeClosingPx=0,FarIndicativeClosingPx=0,PxVariation=0\n'"
"b'LocalTime=10:58:24.085,Message=Imbalance,MarketTime=10:58:24.310,Side=B,Type=H,Status= ,Symbol=AMV.NQ,Price=44.250,Volume=87,Source=NSDQ,AuctionPrice=44.250,ContinuousPrice=44.250,PairedVolume=2901,MktOrdVolume=0,MktOrdSide=0,NearIndicativeClosingPx=0,FarIndicativeClosingPx=0,PxVariation=0\n'"
"b'LocalTime=10:58:26.096,Message=Imbalance,MarketTime=10:58:26.310,Side=B,Type=H,Status= ,Symbol=AMV.NQ,Price=44.250,Volume=86,Source=NSDQ,AuctionPrice=44.250,ContinuousPrice=44.250,PairedVolume=2902,MktOrdVolume=0,MktOrdSide=0,NearIndicativeClosingPx=0,FarIndicativeClosingPx=0,PxVariation=0\n'"
"b'LocalTime=10:58:28.082,Message=Imbalance,MarketTime=10:58:28.310,Side=B,Type=H,Status= ,Symbol=AMV.NQ,Price=44.250,Volume=86,Source=NSDQ,AuctionPrice=44.250,ContinuousPrice=44.250,PairedVolume=2902,MktOrdVolume=0,MktOrdSide=0,NearIndicativeClosingPx=0,FarIndicativeClosingPx=0,PxVariation=0\n'"
"b'LocalTime=10:58:30.085,Message=Imbalance,MarketTime=10:58:30.311,Side=B,Type=H,Status= ,Symbol=AMV.NQ,Price=44.250,Volume=81,Source=NSDQ,AuctionPrice=44.250,ContinuousPrice=44.250,PairedVolume=2902,MktOrdVolume=0,MktOrdSide=0,NearIndicativeClosingPx=0,FarIndicativeClosingPx=0,PxVariation=0\n'"
"b'LocalTime=10:58:32.084,Message=Imbalance,MarketTime=10:58:32.310,Side=B,Type=H,Status= ,Symbol=AMV.NQ,Price=44.250,Volume=82,Source=NSDQ,AuctionPrice=44.250,ContinuousPrice=44.250,PairedVolume=2902,MktOrdVolume=0,MktOrdSide=0,NearIndicativeClosingPx=0,FarIndicativeClosingPx=0,PxVariation=0\n'"
"b'LocalTime=10:58:34.096,Message=Imbalance,MarketTime=10:58:34.310,Side=B,Type=H,Status= ,Symbol=AMV.NQ,Price=44.250,Volume=84,Source=NSDQ,AuctionPrice=44.250,ContinuousPrice=44.250,PairedVolume=2902,MktOrdVolume=0,MktOrdSide=0,NearIndicativeClosingPx=0,FarIndicativeClosingPx=0,PxVariation=0\n'"
"b'LocalTime=10:58:36.085,Message=Imbalance,MarketTime=10:58:36.310,Side=B,Type=H,Status= ,Symbol=AMV.NQ,Price=44.250,Volume=84,Source=NSDQ,AuctionPrice=44.250,ContinuousPrice=44.250,PairedVolume=2902,MktOrdVolume=0,MktOrdSide=0,NearIndicativeClosingPx=0,FarIndicativeClosingPx=0,PxVariation=0\n'"
"b'LocalTime=10:58:38.083,Message=Imbalance,MarketTime=10:58:38.310,Side=B,Type=H,Status= ,Symbol=AMV.NQ,Price=44.250,Volume=84,Source=NSDQ,AuctionPrice=44.250,ContinuousPrice=44.250,PairedVolume=2902,MktOrdVolume=0,MktOrdSide=0,NearIndicativeClosingPx=0,FarIndicativeClosingPx=0,PxVariation=0\n'"
"b'LocalTime=10:58:40.090,Message=Imbalance,MarketTime=10:58:40.310,Side=B,Type=H,Status= ,Symbol=AMV.NQ,Price=44.250,Volume=84,Source=NSDQ,AuctionPrice=44.250,ContinuousPrice=44.250,PairedVolume=2902,MktOrdVolume=0,MktOrdSide=0,NearIndicativeClosingPx=0,FarIndicativeClosingPx=0,PxVariation=0\n'"
"b'LocalTime=10:58:42.088,Message=Imbalance,MarketTime=10:58:42.310,Side=B,Type=H,Status= ,Symbol=AMV.NQ,Price=44.250,Volume=84,Source=NSDQ,AuctionPrice=44.250,ContinuousPrice=44.250,PairedVolume=2902,MktOrdVolume=0,MktOrdSide=0,NearIndicativeClosingPx=0,FarIndicativeClosingPx=0,PxVariation=0\n'"
"b'LocalTime=10:58:44.091,Message=Imbalance,MarketTime=10:58:44.310,Side=B,Type=H,Status= ,Symbol=AMV.NQ,Price=44.250,Volume=83,Source=NSDQ,AuctionPrice=44.250,ContinuousPrice=44.250,PairedVolume=2902,MktOrdVolume=0,MktOrdSide=0,NearIndicativeClosingPx=0,FarIndicativeClosingPx=0,PxVariation=0\n'"
"b'LocalTime=10:58:46.090,Message=Imbalance,MarketTime=10:58:46.310,Side=B,Type=H,Status= ,Symbol=AMV.NQ,Price=44.250,Volume=84,Source=NSDQ,AuctionPrice=44.250,ContinuousPrice=44.250,PairedVolume=2902,MktOrdVolume=0,MktOrdSide=0,NearIndicativeClosingPx=0,FarIndicativeClosingPx=0,PxVariation=0\n'"
"b'LocalTime=10:58:48.085,Message=Imbalance,MarketTime=10:58:48.310,Side=B,Type=H,Status= ,Symbol=AMV.NQ,Price=44.250,Volume=86,Source=NSDQ,AuctionPrice=44.250,ContinuousPrice=44.250,PairedVolume=2902,MktOrdVolume=0,MktOrdSide=0,NearIndicativeClosingPx=0,FarIndicativeClosingPx=0,PxVariation=0\n'"
"b'LocalTime=10:58:50.083,Message=Imbalance,MarketTime=10:58:50.310,Side=B,Type=H,Status= ,Symbol=AMV.NQ,Price=44.250,Volume=86,Source=NSDQ,AuctionPrice=44.250,ContinuousPrice=44.250,PairedVolume=2902,MktOrdVolume=0,MktOrdSide=0,NearIndicativeClosingPx=0,FarIndicativeClosingPx=0,PxVariation=0\n'"
"b'LocalTime=10:58:52.092,Message=Imbalance,MarketTime=10:58:52.310,Side=B,Type=H,Status= ,Symbol=AMV.NQ,Price=44.250,Volume=86,Source=NSDQ,AuctionPrice=44.250,ContinuousPrice=44.250,PairedVolume=2902,MktOrdVolume=0,MktOrdSide=0,NearIndicativeClosingPx=0,FarIndicativeClosingPx=0,PxVariation=0\n'"
"b'LocalTime=10:58:53.023,Message=Imbalance,MarketTime=10:58:53.346,Side=S,Type=R,Status=E,Symbol=CO.NY,Price=0,Volume=32308,Source=NYSE,AuctionPrice=2.9876,ContinuousPrice=2.6600,PairedVolume=30022,MktOrdVolume=0,MktOrdSide=0,NearIndicativeClosingPx=0,FarIndicativeClosingPx=0,PxVariation=0\n'"
"b'LocalTime=10:58:54.107,Message=Imbalance,MarketTime=10:58:54.310,Side=B,Type=H,Status= ,Symbol=AMV.NQ,Price=44.250,Volume=95,Source=NSDQ,AuctionPrice=44.250,ContinuousPrice=44.250,PairedVolume=2902,MktOrdVolume=0,MktOrdSide=0,NearIndicativeClosingPx=0,FarIndicativeClosingPx=0,PxVariation=0\n'"
"b'LocalTime=10:58:56.092,Message=Imbalance,MarketTime=10:58:56.310,Side=B,Type=H,Status= ,Symbol=AMV.NQ,Price=44.250,Volume=95,Source=NSDQ,AuctionPrice=44.250,ContinuousPrice=44.250,PairedVolume=2902,MktOrdVolume=0,MktOrdSide=0,NearIndicativeClosingPx=0,FarIndicativeClosingPx=0,PxVariation=0\n'"
"b'LocalTime=10:58:58.021,Message=Imbalance,MarketTime=10:58:58.344,Side=S,Type=R,Status=E,Symbol=CO.NY,Price=0,Volume=32283,Source=NYSE,AuctionPrice=2.9876,ContinuousPrice=2.6600,PairedVolume=30047,MktOrdVolume=0,MktOrdSide=0,NearIndicativeClosingPx=0,FarIndicativeClosingPx=0,PxVariation=0\n'"
"b'LocalTime=10:58:58.089,Message=Imbalance,MarketTime=10:58:58.310,Side=B,Type=H,Status= ,Symbol=AMV.NQ,Price=44.250,Volume=95,Source=NSDQ,AuctionPrice=44.250,ContinuousPrice=44.250,PairedVolume=2902,MktOrdVolume=0,MktOrdSide=0,NearIndicativeClosingPx=0,FarIndicativeClosingPx=0,PxVariation=0\n'"
"b'LocalTime=10:59:00.083,Message=Imbalance,MarketTime=10:59:00.310,Side=B,Type=H,Status= ,Symbol=AMV.NQ,Price=44.250,Volume=95,Source=NSDQ,AuctionPrice=44.250,ContinuousPrice=44.250,PairedVolume=2902,MktOrdVolume=0,MktOrdSide=0,NearIndicativeClosingPx=0,FarIndicativeClosingPx=0,PxVariation=0\n'"
"b'LocalTime=10:59:02.095,Message=Imbalance,MarketTime=10:59:02.310,Side=B,Type=H,Status= ,Symbol=AMV.NQ,Price=44.250,Volume=95,Source=NSDQ,AuctionPrice=44.250,ContinuousPrice=44.250,PairedVolume=2902,MktOrdVolume=0,MktOrdSide=0,NearIndicativeClosingPx=0,FarIndicativeClosingPx=0,PxVariation=0\n'"
"b'LocalTime=10:59:04.020,Message=Imbalance,MarketTime=10:59:04.344,Side=S,Type=R,Status=E,Symbol=CO.NY,Price=0,Volume=32267,Source=NYSE,AuctionPrice=2.9876,ContinuousPrice=2.6600,PairedVolume=30047,MktOrdVolume=0,MktOrdSide=0,NearIndicativeClosingPx=0,FarIndicativeClosingPx=0,PxVariation=0\n'"
"b'LocalTime=10:59:04.086,Message=Imbalance,MarketTime=10:59:04.310,Side=B,Type=H,Status= ,Symbol=AMV.NQ,Price=44.250,Volume=95,Source=NSDQ,AuctionPrice=44.250,ContinuousPrice=44.250,PairedVolume=2902,MktOrdVolume=0,MktOrdSide=0,NearIndicativeClosingPx=0,FarIndicativeClosingPx=0,PxVariation=0\n'"
"b'LocalTime=10:59:06.083,Message=Imbalance,MarketTime=10:59:06.310,Side=B,Type=H,Status= ,Symbol=AMV.NQ,Price=44.250,Volume=96,Source=NSDQ,AuctionPrice=44.250,ContinuousPrice=44.250,PairedVolume=2902,MktOrdVolume=0,MktOrdSide=0,NearIndicativeClosingPx=0,FarIndicativeClosingPx=0,PxVariation=0\n'"
"b'LocalTime=10:59:08.091,Message=Imbalance,MarketTime=10:59:08.310,Side=B,Type=H,Status= ,Symbol=AMV.NQ,Price=44.250,Volume=45,Source=NSDQ,AuctionPrice=44.250,ContinuousPrice=44.250,PairedVolume=2902,MktOrdVolume=0,MktOrdSide=0,NearIndicativeClosingPx=0,FarIndicativeClosingPx=0,PxVariation=0\n'"
"b'LocalTime=10:59:10.086,Message=Imbalance,MarketTime=10:59:10.310,Side=B,Type=H,Status= ,Symbol=AMV.NQ,Price=44.250,Volume=45,Source=NSDQ,AuctionPrice=44.250,ContinuousPrice=44.250,PairedVolume=2902,MktOrdVolume=0,MktOrdSide=0,NearIndicativeClosingPx=0,FarIndicativeClosingPx=0,PxVariation=0\n'"
"b'LocalTime=10:59:12.089,Message=Imbalance,MarketTime=10:59:12.310,Side=B,Type=H,Status= ,Symbol=AMV.NQ,Price=44.250,Volume=45,Source=NSDQ,AuctionPrice=44.250,ContinuousPrice=44.250,PairedVolume=2902,MktOrdVolume=0,MktOrdSide=0,NearIndicativeClosingPx=0,FarIndicativeClosingPx=0,PxVariation=0\n'"
"b'LocalTime=10:59:14.026,Message=Imbalance,MarketTime=10:59:14.345,Side=S,Type=R,Status=E,Symbol=CO.NY,Price=0,Volume=32467,Source=NYSE,AuctionPrice=2.9876,ContinuousPrice=2.6600,PairedVolume=30047,MktOrdVolume=0,MktOrdSide=0,NearIndicativeClosingPx=0,FarIndicativeClosingPx=0,PxVariation=0\n'"
"b'LocalTime=10:59:14.087,Message=Imbalance,MarketTime=10:59:14.310,Side=B,Type=H,Status= ,Symbol=AMV.NQ,Price=44.250,Volume=46,Source=NSDQ,AuctionPrice=44.250,ContinuousPrice=44.250,PairedVolume=2902,MktOrdVolume=0,MktOrdSide=0,NearIndicativeClosingPx=0,FarIndicativeClosingPx=0,PxVariation=0\n'"
"b'LocalTime=10:59:16.093,Message=Imbalance,MarketTime=10:59:16.310,Side=B,Type=H,Status= ,Symbol=AMV.NQ,Price=44.250,Volume=68,Source=NSDQ,AuctionPrice=44.250,ContinuousPrice=44.250,PairedVolume=2902,MktOrdVolume=0,MktOrdSide=0,NearIndicativeClosingPx=0,FarIndicativeClosingPx=0,PxVariation=0\n'"
"b'LocalTime=10:59:18.083,Message=Imbalance,MarketTime=10:59:18.310,Side=B,Type=H,Status= ,Symbol=AMV.NQ,Price=44.250,Volume=68,Source=NSDQ,AuctionPrice=44.250,ContinuousPrice=44.250,PairedVolume=2902,MktOrdVolume=0,MktOrdSide=0,NearIndicativeClosingPx=0,FarIndicativeClosingPx=0,PxVariation=0\n'"
"b'LocalTime=10:59:20.096,Message=Imbalance,MarketTime=10:59:20.310,Side=B,Type=H,Status= ,Symbol=AMV.NQ,Price=44.250,Volume=68,Source=NSDQ,AuctionPrice=44.250,ContinuousPrice=44.250,PairedVolume=2902,MktOrdVolume=0,MktOrdSide=0,NearIndicativeClosingPx=0,FarIndicativeClosingPx=0,PxVariation=0\n'"
"b'LocalTime=10:59:22.094,Message=Imbalance,MarketTime=10:59:22.310,Side=B,Type=H,Status= ,Symbol=AMV.NQ,Price=44.300,Volume=441,Source=NSDQ,AuctionPrice=44.300,ContinuousPrice=44.300,PairedVolume=2902,MktOrdVolume=0,MktOrdSide=0,NearIndicativeClosingPx=0,FarIndicativeClosingPx=0,PxVariation=0\n'"
"b'LocalTime=10:59:24.095,Message=Imbalance,MarketTime=10:59:24.310,Side=B,Type=H,Status= ,Symbol=AMV.NQ,Price=44.300,Volume=440,Source=NSDQ,AuctionPrice=44.300,ContinuousPrice=44.300,PairedVolume=2903,MktOrdVolume=0,MktOrdSide=0,NearIndicativeClosingPx=0,FarIndicativeClosingPx=0,PxVariation=0\n'"
"b'LocalTime=10:59:26.094,Message=Imbalance,MarketTime=10:59:26.310,Side=B,Type=H,Status= ,Symbol=AMV.NQ,Price=44.300,Volume=455,Source=NSDQ,AuctionPrice=44.300,ContinuousPrice=44.300,PairedVolume=2903,MktOrdVolume=0,MktOrdSide=0,NearIndicativeClosingPx=0,FarIndicativeClosingPx=0,PxVariation=0\n'"
"b'LocalTime=10:59:28.094,Message=Imbalance,MarketTime=10:59:28.310,Side=B,Type=H,Status= ,Symbol=AMV.NQ,Price=44.300,Volume=455,Source=NSDQ,AuctionPrice=44.300,ContinuousPrice=44.300,PairedVolume=2903,MktOrdVolume=0,MktOrdSide=0,NearIndicativeClosingPx=0,FarIndicativeClosingPx=0,PxVariation=0\n'"
"b'LocalTime=10:59:30.102,Message=Imbalance,MarketTime=10:59:30.310,Side=B,Type=H,Status= ,Symbol=AMV.NQ,Price=44.300,Volume=455,Source=NSDQ,AuctionPrice=44.300,ContinuousPrice=44.300,PairedVolume=2903,MktOrdVolume=0,MktOrdSide=0,NearIndicativeClosingPx=0,FarIndicativeClosingPx=0,PxVariation=0\n'"
"b'LocalTime=10:59:32.086,Message=Imbalance,MarketTime=10:59:32.310,Side=B,Type=H,Status= ,Symbol=AMV.NQ,Price=44.300,Volume=459,Source=NSDQ,AuctionPrice=44.300,ContinuousPrice=44.300,PairedVolume=2903,MktOrdVolume=0,MktOrdSide=0,NearIndicativeClosingPx=0,FarIndicativeClosingPx=0,PxVariation=0\n'"
"b'LocalTime=10:59:34.098,Message=Imbalance,MarketTime=10:59:34.310,Side=B,Type=H,Status= ,Symbol=AMV.NQ,Price=44.300,Volume=459,Source=NSDQ,AuctionPrice=44.300,ContinuousPrice=44.300,PairedVolume=2903,MktOrdVolume=0,MktOrdSide=0,NearIndicativeClosingPx=0,FarIndicativeClosingPx=0,PxVariation=0\n'"
