Symbol,Name,% Holding,openhigh_mean,openhigh_std,openhigh_range,openlow_mean,openlow_std,openlow_range,range_mean,range_std,range_range
AAPL,Apple Inc,6.18%,162192830,,,,,,,,
MSFT,Microsoft Corp,6.00%,77874420,,,,,,,,
AMZN,Amazon.com Inc,3.73%,4432537,,,,,,,,
FB,Facebook Inc,2.31%,24774292,,,,,,,,
GOOGL,Alphabet Cl A,2.24%,3109532,,,,,,,,
GOOG,Alphabet Cl C,2.14%,2944342,,,,,,,,
TSLA,Tesla Inc,1.44%,7968467,,,,,,,,
NVDA,Nvidia Corp,1.43%,25766644,,,,,,,,
BRK.B,Berkshire Hathaway Cl B,1.43%,19597484,,,,,,,,
JPM,JP Morgan Chase & Company,1.26%,31299886,,,,,,,,
JNJ,Johnson & Johnson,1.22%,27228702,,,,,,,,
UNH,Unitedhealth Group Inc,1.05%,9757492,,,,,,,,
V,Visa Inc,1.04%,17506824,,,,,,,,
PG,Procter & Gamble Company,0.92%,25314102,,,,,,,,
HD,Home Depot,0.91%,10993482,,,,,,,,
PYPL,Paypal Holdings,0.86%,12146297,,,,,,,,
DIS,Walt Disney Company,0.85%,18786808,,,,,,,,
MA,Mastercard Inc,0.83%,9049888,,,,,,,,
ADBE,Adobe Systems Inc,0.83%,4947521,,,,,,,,
BAC,Bank of America Corp,0.82%,77971760,,,,,,,,
CMCSA,Comcast Corp A,0.72%,47405830,,,,,,,,
PFE,Pfizer Inc,0.71%,57878490,,,,,,,,
CRM,Salesforce.com Inc,0.66%,9984145,,,,,,,,
CSCO,Cisco Systems Inc,0.66%,43576656,,,,,,,,
NFLX,Netflix Inc,0.65%,4584623,,,,,,,,
XOM,Exxon Mobil Corp,0.62%,43773384,,,,,,,,
VZ,Verizon Communications Inc,0.60%,42806868,,,,,,,,
ABT,Abbott Laboratories,0.59%,18371764,,,,,,,,
KO,Coca-Cola Company,0.57%,40123404,,,,,,,,
INTC,Intel Corp,0.57%,41751630,,,,,,,,
NKE,Nike Inc,0.57%,13182673,,,,,,,,
TMO,Thermo Fisher Scientific Inc,0.57%,4065621,,,,,,,,
PEP,Pepsico Inc,0.57%,14285706,,,,,,,,
ABBV,Abbvie Inc,0.56%,18232406,,,,,,,,
ACN,Accenture Plc,0.55%,6572501,,,,,,,,
LLY,Eli Lilly and Company,0.55%,8230382,,,,,,,,
WMT,Wal-Mart Stores,0.54%,14196967,,,,,,,,
DHR,Danaher Corp,0.54%,6563732,,,,,,,,
COST,Costco Wholesale,0.53%,4570007,,,,,,,,
WFC,Wells Fargo & Company,0.53%,42683556,,,,,,,,
MRK,Merck & Company,0.52%,26180746,,,,,,,,
AVGO,Broadcom Ltd,0.52%,4214921,,,,,,,,
T,AT&T Inc,0.52%,73825580,,,,,,,,
CVX,Chevron Corp,0.50%,19984296,,,,,,,,
MDT,Medtronic Inc,0.47%,13917891,,,,,,,,
MCD,McDonald's Corp,0.47%,7715356,,,,,,,,
TXN,Texas Instruments,0.46%,9548943,,,,,,,,
NEE,Nextera Energy,0.43%,20235642,,,,,,,,
QCOM,Qualcomm Inc,0.43%,11663424,,,,,,,,
LIN,Linde Plc,0.43%,5378922,,,,,,,,
ORCL,Oracle Corp,0.42%,18783316,,,,,,,,
HON,Honeywell International Inc,0.42%,7180735,,,,,,,,
PM,Philip Morris International Inc,0.41%,16114859,,,,,,,,
MS,Morgan Stanley,0.40%,15390442,,,,,,,,
BMY,Bristol-Myers Squibb Company,0.40%,23130798,,,,,,,,
INTU,Intuit Inc,0.40%,2827248,,,,,,,,
C,Citigroup Inc,0.39%,21372784,,,,,,,,
UNP,Union Pacific Corp,0.39%,6868652,,,,,,,,
LOW,Lowe's Companies,0.38%,7309267,,,,,,,,
UPS,United Parcel Service,0.37%,7478547,,,,,,,,
GS,Goldman Sachs Group,0.37%,3517640,,,,,,,,
SBUX,Starbucks Corp,0.36%,12155299,,,,,,,,
BLK,Blackrock Inc,0.35%,1465176,,,,,,,,
AMD,Adv Micro Devices,0.34%,12563066,,,,,,,,
RTX,Raytheon Technologies Corp,0.34%,15683580,,,,,,,,
AMT,American Tower Corp,0.34%,4701375,,,,,,,,
AMGN,Amgen Inc,0.34%,5940899,,,,,,,,
IBM,International Business Machines,0.33%,9223718,,,,,,,,
TGT,Target Corp,0.33%,5115122,,,,,,,,
ISRG,Intuitive Surg Inc,0.33%,1224468,,,,,,,,
NOW,Servicenow Inc,0.32%,2041486,,,,,,,,
BA,Boeing Company,0.32%,5683932,,,,,,,,
MRNA,Moderna Inc,0.32%,3155460,,,,,,,,
AMAT,Applied Materials,0.32%,9472418,,,,,,,,
CAT,Caterpillar Inc,0.31%,5664003,,,,,,,,
DE,Deere & Company,0.30%,3235028,,,,,,,,
GE,General Electric Company,0.30%,11313441,,,,,,,,
MMM,3M Company,0.30%,5977823,,,,,,,,
SCHW,The Charles Schwab Corp,0.29%,15508040,,,,,,,,
CVS,CVS Corp,0.29%,13612907,,,,,,,,
CHTR,Charter Communicatio,0.29%,1423998,,,,,,,,
SPGI,S&P Global Inc,0.28%,2485128,,,,,,,,
AXP,American Express Company,0.28%,6736637,,,,,,,,
ZTS,Zoetis Inc Cl A,0.26%,4905696,,,,,,,,
PLD,Prologis Inc,0.25%,7635199,,,,,,,,
ANTM,Anthem Inc,0.24%,2528495,,,,,,,,
BKNG,Booking Holdings Inc,0.24%,422898,,,,,,,,
TJX,TJX Companies,0.24%,12469602,,,,,,,,
GILD,Gilead Sciences Inc,0.24%,12973611,,,,,,,,
MO,Altria Group,0.24%,19188576,,,,,,,,
ADP,Automatic Data Procs,0.23%,4417767,,,,,,,,
SYK,Stryker Corp,0.23%,3379163,,,,,,,,
LMT,Lockheed Martin Corp,0.23%,2528984,,,,,,,,
MDLZ,Mondelez Intl Inc,0.23%,14577906,,,,,,,,
LRCX,Lam Research Corp,0.22%,1475463,,,,,,,,
TMUS,T-Mobile US,0.22%,6059291,,,,,,,,
CB,Chubb Ltd,0.22%,4648294,,,,,,,,
CCI,Crown Castle International Corp,0.22%,4453322,,,,,,,,
MU,Micron Technology,0.21%,11595244,,,,,,,,
DUK,Duke Energy Corp,0.21%,7936178,,,,,,,,
FIS,Fidelity National Information Services,0.21%,6412767,,,,,,,,
PNC,PNC Bank,0.21%,4378099,,,,,,,,
MMC,Marsh & Mclennan Companies,0.21%,5245847,,,,,,,,
EL,Estee Lauder Companies,0.21%,2397854,,,,,,,,
USB,U.S. Bancorp,0.20%,14016820,,,,,,,,
COF,Capital One Financial Corp,0.20%,4668370,,,,,,,,
TFC,Truist Financial Corp,0.20%,13908621,,,,,,,,
CSX,CSX Corp,0.20%,23492580,,,,,,,,
COP,Conocophillips,0.20%,13986060,,,,,,,,
ADSK,Autodesk Inc,0.20%,2271704,,,,,,,,
EW,Edwards Lifesciences Corp,0.19%,6451237,,,,,,,,
EQIX,Equinix Inc,0.19%,926379,,,,,,,,
CI,Cigna Corp,0.19%,3548101,,,,,,,,
SHW,Sherwin-Williams Company,0.19%,2474897,,,,,,,,
CME,CME Group Inc,0.19%,3706800,,,,,,,,
BDX,Becton Dickinson and Company,0.19%,2999228,,,,,,,,
FISV,Fiserv Inc,0.19%,6149719,,,,,,,,
REGN,Regeneron Pharmaceuticals,0.19%,1087630,,,,,,,,
ILMN,Illumina Inc,0.18%,1507194,,,,,,,,
SO,Southern Company,0.18%,10907058,,,,,,,,
ETN,Eaton Corp,0.18%,4112768,,,,,,,,
ITW,Illinois Tool Works Inc,0.17%,2974183,,,,,,,,
ICE,Intercontinental Exchange,0.17%,5798392,,,,,,,,
CL,Colgate-Palmolive Company,0.17%,8758347,,,,,,,,
HCA,Hca Holdings Inc,0.17%,2717248,,,,,,,,
FDX,Fedex Corp,0.17%,2524199,,,,,,,,
NSC,Norfolk Southern Corp,0.17%,2599794,,,,,,,,
BSX,Boston Scientific Corp,0.17%,14640991,,,,,,,,
GM,General Motors Company,0.17%,13199605,,,,,,,,
ATVI,Activision Blizzard,0.17%,7999588,,,,,,,,
D,Dominion Resources,0.17%,8316126,,,,,,,,
AON,AON Plc,0.17%,2334540,,,,,,,,
EMR,Emerson Electric Company,0.16%,6198486,,,,,,,,
ADI,Analog Devices,0.16%,3810769,,,,,,,,
MCO,Moody's Corp,0.16%,1662340,,,,,,,,
APD,Air Products and Chemicals,0.16%,2283964,,,,,,,,
NXPI,Nxp Semiconductors,0.16%,2861304,,,,,,,,
WM,Waste Management,0.16%,4021442,,,,,,,,
IDXX,Idexx Laboratories,0.15%,882415,,,,,,,,
PGR,Progressive Corp,0.15%,6046143,,,,,,,,
ECL,Ecolab Inc,0.15%,2569258,,,,,,,,
DG,Dollar General Corp,0.14%,2442225,,,,,,,,
NOC,Northrop Grumman Corp,0.14%,1547734,,,,,,,,
CMG,Chipotle Mexican Grill,0.14%,290645,,,,,,,,
JCI,Johnson Controls Intl,0.14%,7439934,,,,,,,,
HUM,Humana Inc,0.14%,1331223,,,,,,,,
BIIB,Biogen Inc,0.14%,1556853,,,,,,,,
A,Agilent Technologies,0.14%,3147421,,,,,,,,
VRTX,Vertex Pharmaceutic,0.14%,2685320,,,,,,,,
ALGN,Align Technology,0.14%,743746,,,,,,,,
FCX,Freeport-Mcmoran Inc,0.13%,15056596,,,,,,,,
F,Ford Motor Company,0.13%,40373470,,,,,,,,
TWTR,Twitter Inc,0.13%,8245064,,,,,,,,
MSCI,MSCI Inc,0.13%,853045,,,,,,,,
KLAC,K L A-Tencor Corp,0.13%,1591288,,,,,,,,
ROP,Roper Industries,0.13%,1084178,,,,,,,,
TEL,Te Connectivity Ltd,0.13%,3418157,,,,,,,,
DXCM,Dexcom,0.13%,993592,,,,,,,,
SNPS,Synopsys Inc,0.13%,1574140,,,,,,,,
TROW,T Rowe Price Group,0.13%,2352007,,,,,,,,
GPN,Global Payments Inc,0.13%,3050010,,,,,,,,
IQV,Iqvia Holdings Inc,0.13%,1976137,,,,,,,,
PSA,Public Storage,0.13%,1569836,,,,,,,,
LHX,L3Harris Technologies Inc,0.13%,2123612,,,,,,,,
EXC,Exelon Corp,0.13%,10086642,,,,,,,,
DOW,Dow Inc,0.12%,7697154,,,,,,,,
EBAY,Ebay Inc,0.12%,6678204,,,,,,,,
AIG,American International Group,0.12%,8932456,,,,,,,,
TT,Trane Technologies Plc,0.12%,2463360,,,,,,,,
CARR,Carrier Global Corp,0.12%,8441345,,,,,,,,
NEM,Newmont Mining Corp,0.12%,8267924,,,,,,,,
MET,Metlife Inc,0.12%,7693400,,,,,,,,
KMB,Kimberly-Clark Corp,0.12%,3491532,,,,,,,,
GD,General Dynamics Corp,0.12%,2366898,,,,,,,,
DLR,Digital Realty Trust,0.12%,2901542,,,,,,,,
APH,Amphenol Corp,0.12%,6189539,,,,,,,,
INFO,IHS Markit Ltd,0.12%,3851723,,,,,,,,
AEP,American Electric Power Company,0.12%,5130784,,,,,,,,
CDNS,Cadence Design Sys,0.12%,2881882,,,,,,,,
ROST,Ross Stores Inc,0.12%,3678030,,,,,,,,
BK,Bank of New York Mellon Corp,0.12%,8334609,,,,,,,,
SPG,Simon Property Group,0.11%,3393701,,,,,,,,
APTV,Aptiv Plc,0.11%,2789486,,,,,,,,
ORLY,O'Reilly Automotive,0.11%,725168,,,,,,,,
PRU,Prudential Financial Inc,0.11%,4100476,,,,,,,,
CTSH,Cognizant Tech Sol,0.11%,5480872,,,,,,,,
SRE,Sempra,0.11%,3257744,,,,,,,,
RMD,Resmed Inc,0.11%,1503029,,,,,,,,
ALL,Allstate Corp,0.11%,3094910,,,,,,,,
EA,Electronic Arts Inc,0.11%,2971116,,,,,,,,
FTNT,Fortinet Inc,0.11%,1398930,,,,,,,,
MCHP,Microchip Technology,0.11%,2828237,,,,,,,,
TRV,The Travelers Companies Inc,0.11%,2605380,,,,,,,,
MSI,Motorola Solutions,0.11%,1746426,,,,,,,,
YUM,Yum! Brands,0.11%,3099299,,,,,,,,
SYY,Sysco Corp,0.11%,5272997,,,,,,,,
EOG,Eog Resources,0.11%,6028759,,,,,,,,
DD,Du Pont De.Nemours Inc,0.10%,5501890,,,,,,,,
DFS,Discover Financial Services,0.10%,3168151,,,,,,,,
SLB,Schlumberger N.V.,0.10%,14442849,,,,,,,,
PPG,PPG Industries,0.10%,2447825,,,,,,,,
PH,Parker-Hannifin Corp,0.10%,1333469,,,,,,,,
SBAC,SBA Communications,0.10%,1129196,,,,,,,,
BAX,Baxter International Inc,0.10%,5217476,,,,,,,,
IFF,International Flavors & Fragrances,0.10%,2569579,,,,,,,,
XLNX,Xilinx Inc,0.10%,2538978,,,,,,,,
CNC,Centene Corp,0.10%,6008415,,,,,,,,
MPC,Marathon Petroleum Corp,0.10%,6587126,,,,,,,,
STZ,Constellation Brands Inc,0.10%,1756374,,,,,,,,
OTIS,Otis Worldwide Corp,0.10%,4210311,,,,,,,,
XEL,XCEL Energy Inc,0.10%,5564903,,,,,,,,
ROK,Rockwell Automation Inc,0.10%,1199758,,,,,,,,
NUE,Nucor Corp,0.10%,3078931,,,,,,,,
PAYX,Paychex Inc,0.10%,3315665,,,,,,,,
MAR,Marriot Int Cl A,0.10%,2748383,,,,,,,,
AFL,Aflac Inc,0.09%,6535257,,,,,,,,
MNST,Monster Beverage Cp,0.09%,3819467,,,,,,,,
GIS,General Mills,0.09%,6316087,,,,,,,,
MTD,Mettler-Toledo International,0.09%,241847,,,,,,,,
WELL,Welltower Inc,0.09%,4311912,,,,,,,,
HLT,Hilton Inc,0.09%,2868116,,,,,,,,
CMI,Cummins Inc,0.09%,1528536,,,,,,,,
KR,Kroger Company,0.09%,7864165,,,,,,,,
HPQ,HP Inc,0.09%,12420765,,,,,,,,
WBA,Walgreens Boots Alliance,0.09%,7408789,,,,,,,,
AZO,Autozone,0.09%,223677,,,,,,,,
FRC,First Republic Bank,0.09%,1808018,,,,,,,,
CTAS,Cintas Corp,0.09%,911426,,,,,,,,
PXD,Pioneer Natural Resources Company,0.09%,2396350,,,,,,,,
SIVB,Svb Financial Group,0.09%,606468,,,,,,,,
ADM,Archer Daniels Midland,0.09%,5768969,,,,,,,,
TDG,Transdigm Group Inc,0.09%,564876,,,,,,,,
WST,West Pharmaceutical Services,0.09%,765035,,,,,,,,
AWK,American Water Works,0.09%,1874447,,,,,,,,
KEYS,Keysight Technologies Inc Comm,0.09%,1921812,,,,,,,,
PEG,Public Service Enterprise Group Inc,0.08%,5218115,,,,,,,,
VRSK,Verisk Analytics Inc,0.08%,1681675,,,,,,,,
KMI,Kinder Morgan,0.08%,20112926,,,,,,,,
ANSS,Ansys Inc,0.08%,892989,,,,,,,,
MCK,Mckesson Corp,0.08%,1642211,,,,,,,,
DHI,D.R. Horton,0.08%,3418389,,,,,,,,
CTVA,Corteva Inc,0.08%,7685045,,,,,,,,
FAST,Fastenal Company,0.08%,5933221,,,,,,,,
EFX,Equifax Inc,0.08%,1258289,,,,,,,,
STT,State Street Corp,0.08%,3633372,,,,,,,,
AME,Amtek Inc,0.08%,2381940,,,,,,,,
AMP,Ameriprise Financial Services,0.08%,1205785,,,,,,,,
CBRE,CBRE Group Inc,0.08%,3467193,,,,,,,,
ES,Eversource Energy,0.08%,3543480,,,,,,,,
GLW,Corning Inc,0.08%,7936974,,,,,,,,
BLL,Ball Corp,0.08%,3387632,,,,,,,,
PSX,Phillips 66,0.08%,4512685,,,,,,,,
SWK,Stanley Black & Decker Inc,0.08%,1661862,,,,,,,,
AVB,Avalonbay Communities,0.08%,1441315,,,,,,,,
ZBRA,Zebra Technologies,0.08%,552378,,,,,,,,
ZBH,Zimmer Biomet Holdings,0.08%,2147516,,,,,,,,
SWKS,Skyworks Solutions,0.08%,1703406,,,,,,,,
LUV,Southwest Airlines Company,0.08%,6102458,,,,,,,,
WMB,Williams Companies,0.08%,12539566,,,,,,,,
WEC,Wisconsin Energy Corp,0.08%,3258695,,,,,,,,
LH,Laboratory Corp of America Holdings,0.08%,1008362,,,,,,,,
AJG,Arthur J. Gallagher & Company,0.08%,2118628,,,,,,,,
CPRT,Copart Inc,0.08%,2148383,,,,,,,,
LEN,Lennar Corp,0.08%,2835977,,,,,,,,
PCAR,Paccar Inc,0.07%,3584194,,,,,,,,
ARE,Alexandria Real Estate Equities,0.07%,1418512,,,,,,,,
EQR,Equity Residential,0.07%,3542047,,,,,,,,
MXIM,Maxim Integrated,0.07%,2769098,,,,,,,,
WLTW,Willis Towers WT,0.07%,1332290,,,,,,,,
CDW,CDW Corp,0.07%,1456321,,,,,,,,
ODFL,Old Dominion Freight Line Inc,0.07%,990466,,,,,,,,
FITB,Fifth Third Bancorp,0.07%,7344532,,,,,,,,
SYF,Synchrony Financial,0.07%,5610278,,,,,,,,
BBY,Best Buy Company,0.07%,2304826,,,,,,,,
ALB,Albemarle Corp,0.07%,1204920,,,,,,,,
VLO,Valero Energy Corp,0.07%,4220726,,,,,,,,
KSU,Kansas City Southern,0.07%,938578,,,,,,,,
O,Realty Income Corp,0.07%,3857426,,,,,,,,
LYB,Lyondellbasell Industries NV,0.07%,2657955,,,,,,,,
GNRC,Generac Holdings Inc,0.07%,649408,,,,,,,,
WY,Weyerhaeuser Company,0.07%,7725042,,,,,,,,
IT,Gartner Inc,0.07%,890112,,,,,,,,
GRMN,Garmin Ltd,0.07%,1543661,,,,,,,,
DAL,Delta Air Lines Inc,0.07%,6593069,,,,,,,,
HSY,Hershey Foods Corp,0.07%,1513832,,,,,,,,
RSG,Republic Services,0.07%,2174269,,,,,,,,
ED,Consolidated Edison Company of New York,0.07%,3537835,,,,,,,,
ETSY,Etsy Inc,0.07%,1314324,,,,,,,,
DOV,Dover Corp,0.07%,1484129,,,,,,,,
WAT,Waters Corp,0.07%,641938,,,,,,,,
FTV,Fortive Corp,0.07%,3492446,,,,,,,,
URI,United Rentals,0.07%,746111,,,,,,,,
DLTR,Dollar Tree Inc,0.07%,2429043,,,,,,,,
VFC,V.F. Corp,0.07%,3317294,,,,,,,,
VMC,Vulcan Materials Company,0.06%,1369282,,,,,,,,
VIAC,Viacom CBS Cl B,0.06%,6261614,,,,,,,,
NTRS,Northern Trust Corp,0.06%,2151923,,,,,,,,
XYL,Xylem Inc,0.06%,1863117,,,,,,,,
HIG,Hartford Financial Services Group,0.06%,3693135,,,,,,,,
PAYC,Paycom Software Inc,0.06%,507045,,,,,,,,
EXR,Extra Space Storage Inc,0.06%,1382735,,,,,,,,
KHC,Kraft Heinz Company,0.06%,6697300,,,,,,,,
CERN,Cerner Corp,0.06%,3163158,,,,,,,,
MLM,Martin Marietta Materials,0.06%,643529,,,,,,,,
OKE,Oneok Inc,0.06%,4597155,,,,,,,,
ENPH,Enphase Energy Inc,0.06%,1403095,,,,,,,,
DTE,Dte Energy Company,0.06%,2001815,,,,,,,,
TSN,Tyson Foods,0.06%,3044710,,,,,,,,
TRMB,Trimble Navigation,0.06%,2592344,,,,,,,,
IP,International Paper Company,0.06%,4060648,,,,,,,,
ETR,Entergy Corp,0.06%,2071117,,,,,,,,
HBAN,Huntington Bcshs,0.06%,15222064,,,,,,,,
TSCO,Tractor Supply Company,0.06%,1201313,,,,,,,,
PPL,PPL Corp,0.06%,7944382,,,,,,,,
EIX,Edison International,0.06%,3918367,,,,,,,,
AEE,Ameren Corp,0.06%,2642431,,,,,,,,
COO,Cooper Companies,0.06%,507778,,,,,,,,
NDAQ,Nasdaq Inc,0.06%,1191336,,,,,,,,
FLT,Fleetcor Technologies,0.06%,861704,,,,,,,,
CTLT,Catalent Inc,0.06%,1761246,,,,,,,,
MKC,Mccormick & Company,0.06%,2571902,,,,,,,,
MAA,Mid-America Apartment Communities,0.06%,1181615,,,,,,,,
CRL,Charles River Laboratories Intl,0.06%,514561,,,,,,,,
VRSN,Verisign Inc,0.06%,1027847,,,,,,,,
TDY,Teledyne Technologies Inc,0.06%,479664,,,,,,,,
FE,Firstenergy Corp,0.06%,5611535,,,,,,,,
CLX,Clorox Company,0.06%,1299063,,,,,,,,
QRVO,Qorvo Inc,0.06%,1169773,,,,,,,,
STE,Steris Corp,0.05%,1006919,,,,,,,,
EXPD,Expeditors Intl,0.05%,1749642,,,,,,,,
EXPE,Expedia Group Inc,0.05%,1462411,,,,,,,,
ANET,Arista Networks Inc,0.05%,566116,,,,,,,,
MPWR,Monolithic Power Sys,0.05%,438525,,,,,,,,
ULTA,Ulta Beauty Inc,0.05%,566150,,,,,,,,
ESS,Essex Property Trust,0.05%,671421,,,,,,,,
OXY,Occidental Petroleum Corp,0.05%,8661631,,,,,,,,
VTR,Ventas Inc,0.05%,3870721,,,,,,,,
PKI,Perkinelmer,0.05%,1157647,,,,,,,,
KMX,Carmax Inc,0.05%,1679210,,,,,,,,
CHD,Church & Dwight Company,0.05%,2531689,,,,,,,,
HOLX,Hologic Inc,0.05%,2661042,,,,,,,,
BR,Broadridge Financial Solutions Llc,0.05%,1196156,,,,,,,,
RF,Regions Financial Corp,0.05%,9924301,,,,,,,,
KEY,Keycorp,0.05%,10008891,,,,,,,,
AMCR,Amcor Plc,0.05%,16131383,,,,,,,,
DGX,Quest Diagnostics Inc,0.05%,1350735,,,,,,,,
CZR,Caesars Entertainment Inc,0.05%,2151632,,,,,,,,
DPZ,Domino's Pizza Inc,0.05%,400916,,,,,,,,
TER,Teradyne Inc,0.05%,1721604,,,,,,,,
IR,Ingersoll Rand Inc,0.05%,3852405,,,,,,,,
HPE,Hewlett Packard Enterprise Comp,0.05%,13392780,,,,,,,,
POOL,Pool Corp,0.05%,415728,,,,,,,,
TYL,Tyler Technologies,0.05%,419252,,,,,,,,
CCL,Carnival Corp,0.05%,8242149,,,,,,,,
DRI,Darden Restaurants,0.05%,1346451,,,,,,,,
GWW,W.W. Grainger,0.05%,454403,,,,,,,,
PEAK,Healthpeak Properties Inc,0.05%,5565074,,,,,,,,
TTWO,Take-Two Interacti,0.05%,1189873,,,,,,,,
HES,Hess Corp,0.05%,2822764,,,,,,,,
WDC,Western Digital Cp,0.05%,3160704,,,,,,,,
AKAM,Akamai Technologies,0.05%,1685956,,,,,,,,
DRE,Duke Realty Corp,0.05%,3860599,,,,,,,,
CFG,Citizens Financial Group Inc/Ri,0.05%,4391903,,,,,,,,
CINF,Cincinnati Financial,0.05%,1548704,,,,,,,,
CMS,Cms Energy Corp,0.05%,2979569,,,,,,,,
MKTX,Marketaxess Holdings,0.05%,392416,,,,,,,,
AVY,Avery Dennison Corp,0.05%,857719,,,,,,,,
RCL,Royal Caribbean Cruises Ltd,0.05%,2261656,,,,,,,,
BBWI,Bath & Body Works Inc,0.05%,2739061,,,,,,,,
TFX,Teleflex Inc,0.05%,482477,,,,,,,,
NTAP,Netapp Inc,0.05%,2299539,,,,,,,,
CE,Celanese Corp,0.05%,1178954,,,,,,,,
NVR,NVR Inc,0.05%,35732,,,,,,,,
MTB,M&T Bank Corp,0.05%,1328588,,,,,,,,
HAL,Halliburton Company,0.05%,9182969,,,,,,,,
GPC,Genuine Parts Company,0.05%,1491770,,,,,,,,
VTRS,Viatris Inc,0.05%,12470376,,,,,,,,
J,Jacobs Engineering Group Inc,0.05%,1343620,,,,,,,,
ABC,Amerisourcebergen Corp,0.05%,1522679,,,,,,,,
STX,Seagate Technology Hldgs Plc,0.05%,2074405,,,,,,,,
IEX,Idex Corp,0.04%,783867,,,,,,,,
BIO,Bio-Rad Laboratories,0.04%,222624,,,,,,,,
PFG,Principal Financial Group Inc,0.04%,2619027,,,,,,,,
DVN,Devon Energy Corp,0.04%,6118312,,,,,,,,
RJF,Raymond James Financial,0.04%,1267787,,,,,,,,
MGM,MGM Resorts International,0.04%,4242012,,,,,,,,
K,Kellogg Company,0.04%,2628632,,,,,,,,
TXT,Textron Inc,0.04%,2344169,,,,,,,,
BXP,Boston Properties,0.04%,1464942,,,,,,,,
ABMD,Abiomed Inc,0.04%,467385,,,,,,,,
BKR,Baker Hughes A Ge Co. Cl A,0.04%,7530435,,,,,,,,
CAG,Conagra Brands Inc,0.04%,5045651,,,,,,,,
AES,The Aes Corp,0.04%,6899982,,,,,,,,
MAS,Masco Corp,0.04%,2655813,,,,,,,,
OMC,Omnicom Group Inc,0.04%,2221604,,,,,,,,
EVRG,Evergy Inc,0.04%,2345094,,,,,,,,
WAB,Wabtec Corp,0.04%,1834580,,,,,,,,
UDR,United Dominion Realty Trust,0.04%,3063565,,,,,,,,
NLOK,Nortonlifelock Inc,0.04%,6011109,,,,,,,,
EMN,Eastman Chemical Company,0.04%,1403296,,,,,,,,
CAH,Cardinal Health,0.04%,3033035,,,,,,,,
LNT,Alliant Energy Corp,0.04%,2581421,,,,,,,,
CNP,Centerpoint Energy Inc,0.04%,6001953,,,,,,,,
UAL,United Airlines Holdings Inc,0.04%,3291323,,,,,,,,
JBHT,J B Hunt Transport,0.04%,862657,,,,,,,,
IPG,Interpublic Group of Companies,0.04%,4035939,,,,,,,,
LKQ,LKQ Corp,0.04%,2882659,,,,,,,,
PHM,Pultegroup,0.04%,2747172,,,,,,,,
INCY,Incyte Corp,0.04%,1929971,,,,,,,,
LVS,Las Vegas Sands,0.04%,3393230,,,,,,,,
PKG,Packaging Corp of America,0.04%,979740,,,,,,,,
SJM,J.M. Smucker Company,0.04%,1132732,,,,,,,,
WHR,Whirlpool Corp,0.04%,648341,,,,,,,,
FBHS,Fortune Brands Home & Security,0.04%,1432462,,,,,,,,
PTC,Ptc Inc,0.04%,1085794,,,,,,,,
PWR,Quanta Services,0.04%,1429683,,,,,,,,
AAP,Advance Auto Parts Inc,0.04%,676537,,,,,,,,
CBOE,CBOE Global Markets Inc,0.04%,1107553,,,,,,,,
FANG,Diamondback Energy,0.04%,1867956,,,,,,,,
WRK,Westrock Company,0.04%,2722303,,,,,,,,
XRAY,Dentsply Sirona Inc,0.03%,2262473,,,,,,,,
IRM,Iron Mountain Inc,0.03%,2979030,,,,,,,,
JKHY,Jack Henry & Assoc,0.03%,785600,,,,,,,,
PNR,Pentair Ltd,0.03%,1715553,,,,,,,,
KIM,Kimco Realty Corp,0.03%,6215184,,,,,,,,
LDOS,Leidos Holdings Inc,0.03%,1377919,,,,,,,,
ATO,Atmos Energy Corp,0.03%,1351145,,,,,,,,
BF.B,Brown Forman Inc Cl B,0.03%,1887117,,,,,,,,
HRL,Hormel Foods Corp,0.03%,2901933,,,,,,,,
ALLE,Allegion Plc,0.03%,937139,,,,,,,,
AAL,American Airlines Gp,0.03%,6631718,,,,,,,,
HWM,Howmet Aerospace Inc,0.03%,4031633,,,,,,,,
CTXS,Citrix Systems Inc,0.03%,1270604,,,,,,,,
L,Loews Corp,0.03%,2343591,,,,,,,,
HAS,Hasbro Inc,0.03%,1319383,,,,,,,,
LNC,Lincoln National Corp,0.03%,1863621,,,,,,,,
FOXA,Fox Corp Cl A,0.03%,3452336,,,,,,,,
LYV,Live Nation Entertainment,0.03%,1482458,,,,,,,,
FFIV,F5 Networks Inc,0.03%,616329,,,,,,,,
SNA,Snap-On Inc,0.03%,559908,,,,,,,,
UHS,Universal Health Services,0.03%,803958,,,,,,,,
TPR,Tapestry Inc,0.03%,2870053,,,,,,,,
LUMN,Centurylink,0.03%,10199726,,,,,,,,
MHK,Mohawk Industries,0.03%,609371,,,,,,,,
CHRW,C.H. Robinson Ww,0.03%,1382081,,,,,,,,
FMC,FMC Corp,0.03%,1336228,,,,,,,,
RHI,Robert Half International Inc,0.03%,1168419,,,,,,,,
HST,Host Marriott Financial Trust,0.03%,7286916,,,,,,,,
MOS,Mosaic Company,0.03%,3563984,,,,,,,,
PENN,Penn Natl Gaming Inc,0.03%,1536579,,,,,,,,
RE,Everest Re Group,0.03%,413146,,,,,,,,
HSIC,Henry Schein Inc,0.03%,1471312,,,,,,,,
NRG,NRG Energy,0.03%,2527166,,,,,,,,
DISH,Dish Network Corp,0.03%,2555672,,,,,,,,
WRB,W.R. Berkley Corp,0.03%,1447537,,,,,,,,
WYNN,Wynn Resorts Ltd,0.03%,1086878,,,,,,,,
BWA,Borgwarner Inc,0.03%,2468530,,,,,,,,
REG,Regency Centers Corp,0.03%,1631239,,,,,,,,
CMA,Comerica Inc,0.03%,1437352,,,,,,,,
AIZ,Assurant Inc,0.03%,626396,,,,,,,,
LW,Lamb Weston Holdings Inc,0.03%,1511801,,,,,,,,
NI,NiSource Inc,0.03%,3990772,,,,,,,,
AOS,Smith A.O. Corp,0.03%,1398426,,,,,,,,
JNPR,Juniper Networks,0.03%,3390119,,,,,,,,
CF,Cf Industries Holdings,0.03%,2210373,,,,,,,,
DVA,Davita Healthcare Partners Inc,0.03%,745491,,,,,,,,
NWL,Newell Rubbermaid Inc,0.02%,3903611,,,,,,,,
IVZ,Invesco Plc,0.02%,3888945,,,,,,,,
NCLH,Norwegian Cruise Ord,0.02%,3753736,,,,,,,,
DXC,Dxc Technology Company,0.02%,2629634,,,,,,,,
SEE,Sealed Air Corp,0.02%,1599769,,,,,,,,
GL,Globe Life Inc,0.02%,981614,,,,,,,,
MRO,Marathon Oil Corp,0.02%,8154809,,,,,,,,
ZION,Zions Bancorp,0.02%,1695953,,,,,,,,
TAP,Molson Coors Brewing Company,0.02%,1944375,,,,,,,,
WU,Western Union Company,0.02%,4244691,,,,,,,,
PNW,Pinnacle West Capital Corp,0.02%,1164015,,,,,,,,
BEN,Franklin Resources,0.02%,2818263,,,,,,,,
NWSA,News Cp Cl A,0.02%,4040035,,,,,,,,
CPB,Campbell Soup Company,0.02%,2096383,,,,,,,,
ROL,Rollins Inc,0.02%,2287059,,,,,,,,
OGN,Organon & CO,0.02%,2612470,,,,,,,,
HII,Huntington Ingalls Industries,0.02%,415954,,,,,,,,
FRT,Federal Realty Investment Trust,0.02%,717842,,,,,,,,
DISCK,Discovery Comm Inc,0.02%,2995130,,,,,,,,
PVH,Phillips-Van Heusen Corp,0.02%,734324,,,,,,,,
NLSN,Nielsen Holdings Plc,0.02%,3695541,,,,,,,,
ALK,Alaska Air Group,0.02%,1282917,,,,,,,,
PBCT,People's United Finl,0.02%,4395434,,,,,,,,
APA,Apa Corp,0.02%,3903158,,,,,,,,
HBI,Hanesbrands Inc,0.02%,3602640,,,,,,,,
VNO,Vornado Realty Trust,0.02%,1621030,,,,,,,,
LEG,Leggett & Platt Inc,0.02%,1373737,,,,,,,,
IPGP,Ipg Photonics Corp,0.02%,371201,,,,,,,,
GPS,Gap Inc,0.02%,2124910,,,,,,,,
COG,Cabot Oil & Gas Corp,0.02%,4125122,,,,,,,,
RL,Ralph Lauren Corp,0.02%,498122,,,,,,,,
PRGO,Perrigo Company,0.01%,1375229,,,,,,,,
UNM,Unumprovident Corp,0.01%,2104087,,,,,,,,
FOX,Fox Corp Cl B,0.01%,1587671,,,,,,,,
NOV,Nov Inc,0.01%,4010058,,,,,,,,
DISCA,Discovery Comm A,0.01%,1670592,,,,,,,,
UAA,Under Armour,0.01%,1952579,,,,,,,,
UA,Under Armour Inc Cl C,0.01%,2026510,,,,,,,,
GDX,,,,,,,,,,,
GDXJ,,,,,,,,,,,
JETS,,,,,,,,,,,
SMH,,,,,,,,,,,
XLB,,,,,,,,,,,
XLC,,,,,,,,,,,
XLE,,,,,,,,,,,
XLF,,,,,,,,,,,
XLI,,,,,,,,,,,
XLK,,,,,,,,,,,
XLP,,,,,,,,,,,
XLRE,,,,,,,,,,,
XLU,,,,,,,,,,,
XLV,,,,,,,,,,,
XLY,,,,,,,,,,,
SPY,,,,,,,,,,,
QQQ,,,,,,,,,,,
IWM,,,,,,,,,,,
